month,n,max_low,max_high,to_low,to_high,Q1,Q5,ls_gross,ls_net
2013-02-28,55,0.012394474882375077,0.06805000515693539,0.6363636363636364,0.7272727272727272,0.02362094552786041,0.061491209529945176,-0.037870264002084764,-0.04144980945663022
2013-03-31,55,0.018811727458736674,0.0710830288042475,0.45454545454545453,0.7272727272727272,0.013816464196008914,-0.013489496766249392,0.027305960962258305,0.024184748841046183
2013-04-30,55,0.012389391715681814,0.03798342701611699,0.6363636363636362,0.909090909090909,-0.01236787220346874,0.036721624825797286,-0.04908949702926603,-0.05271070915047815
2013-05-31,56,0.019937743814079256,0.0708772843498791,0.7499999999999999,0.6363636363636362,-0.007526371951705292,0.06563490113605652,-0.07316127308776181,-0.07691884884533758
2013-06-30,56,0.015080238981489543,0.06402236060226242,0.7499999999999998,0.8181818181818181,-0.027890874271502032,0.00024075720933404248,-0.028131631480836073,-0.031779358753563344
2013-07-31,56,0.016378371576614908,0.044773453060550035,0.833333333333333,0.6363636363636362,0.06703078351700816,0.0975100138978511,-0.03047923038084295,-0.034081503108115675
2013-08-31,56,0.016884832025033086,0.05201506585475319,0.833333333333333,0.5454545454545454,-0.014580686409699941,0.005557035459944894,-0.020137721869644836,-0.023614994596917564
2013-09-30,56,0.011526144889304202,0.08910746116317626,0.7499999999999999,0.6363636363636362,0.04300252942772364,0.06199001682581415,-0.01898748739809051,-0.022385214670817784
2013-10-31,56,0.015397483036669213,0.08634769162202961,0.7499999999999998,0.6363636363636364,0.05153617411131149,0.028302253824167067,0.023233920287144424,0.01970361725684139
2013-11-30,56,0.016549091278049582,0.05970564276251773,0.7499999999999998,0.6363636363636364,0.00774489360843959,0.03320927607467392,-0.025464382466234333,-0.028899988526840396
2013-12-31,56,0.012659992112778165,0.05786751085081481,0.5,0.6363636363636364,0.009680112129437929,0.00031515035158522647,0.009364961777852702,0.0063725375354284595
2014-01-31,56,0.016224673684911373,0.0431090353982706,0.9166666666666664,0.7272727272727272,-0.0060693992874518805,-0.014849717348085694,0.008780318060633813,0.004772742303058055
2014-02-28,56,0.012209606787390378,0.055495143024756596,0.9166666666666664,0.6363636363636364,0.07672243898448101,0.03630602843626172,0.040416410548219296,0.03678004691185566
2014-03-31,56,0.017209620919155955,0.06813849600916488,0.9166666666666664,0.8181818181818181,-0.015842914822114185,-0.013729133906526272,-0.0021137809155879136,-0.006359993036800034
2014-04-30,56,0.016572397024864793,0.04363556646476196,0.5833333333333333,0.8181818181818181,0.023272907165080403,-0.008373081779391396,0.0316459889444718,0.028255837429320283
2014-05-31,56,0.014011494006106073,0.07452484639564858,0.7499999999999999,0.909090909090909,0.03249361140669954,0.04301682938776535,-0.010523217981065806,-0.014693672526520351
2014-06-30,56,0.012858588849514371,0.053852342559295344,0.6666666666666665,0.7272727272727272,-0.019872452993495722,-0.022864775804241108,0.002992322810745386,-0.0003637377953152191
2014-07-31,56,0.00841769248286911,0.04279976202318713,0.7499999999999999,0.45454545454545453,0.002028074419484149,-0.010747040484342133,0.012775114903826282,0.009759963388674766
2014-08-31,57,0.014424969814311054,0.059236082588464446,0.8333333333333331,0.7499999999999999,-0.014741212006783428,-0.006240802975453772,-0.008500409031329656,-0.012430964586885212
2014-09-30,58,0.014827317263336026,0.04759172456174184,0.8333333333333331,0.7499999999999999,0.0012949531251043875,0.010201605055159749,-0.00890665193005536,-0.012524707485610916
2014-10-31,58,0.012879399791913937,0.03828684829166786,0.7499999999999998,0.6666666666666665,0.020955931001739442,0.006266067120224077,0.014689863881515365,0.011110002770404253
2014-11-30,61,0.025770748300293835,0.07463157671968883,0.923076923076923,0.5833333333333333,0.028418564630513742,0.04593936334172591,-0.017520798711212166,-0.021419035890699344
2014-12-31,61,0.016433059608849297,0.05757944619145117,0.7692307692307692,0.6666666666666665,0.008653955883617188,0.032174435143831066,-0.02352047926021388,-0.027051996354230973
2015-01-31,61,0.01926078056809944,0.06003716301933696,0.769230769230769,0.7499999999999998,0.051876207548994524,0.059231467093140276,-0.007355259544145752,-0.010931915527051734
2015-02-28,62,0.02413445975432695,0.07483427776841484,0.8461538461538463,0.769230769230769,0.0648255065106861,0.061508954196882897,0.003316552313803199,-0.0007154989682480834
2015-03-31,62,0.0192704016368024,0.0826133120469354,0.8461538461538463,0.9230769230769231,0.01228401399039566,0.030699962592166744,-0.018415948601771086,-0.022515307576130062
2015-04-30,62,0.01707240949227492,0.05883649046830946,0.6153846153846153,0.6923076923076922,0.0007433796562303982,-0.031317027659211995,0.032060407315442394,0.02854758680262188
2015-05-31,62,0.016931069735284944,0.08073937853851477,0.6153846153846153,0.9230769230769231,0.006219172249207479,0.005177528750940207,0.0010416434982672713,-0.0026442539376301645
2015-06-30,44,0.016084623763751207,0.0435340114101947,0.923076923076923,0.8461538461538461,-0.06814154598537964,-0.10433860444474248,0.036197058459362844,0.03194100432830871
2015-07-31,62,0.01320266631106255,0.04544045091984235,0.6923076923076923,0.923076923076923,0.06333987996012425,0.052757209962084585,0.01058266999803966,0.006422413587783249
2015-08-31,62,0.023466813841465352,0.08157470150192504,0.8461538461538463,0.7692307692307692,-0.06723501977439703,-0.10555541449950592,0.0383203947251089,0.03435244600716018
2015-09-30,62,0.02984426397955792,0.07490221969781502,0.6923076923076922,0.769230769230769,-0.03566966680367074,-0.05303643551935108,0.017366768715680346,0.013882794356705988
2015-10-31,62,0.022588574291390683,0.05467159921059565,0.6923076923076922,0.3846153846153846,0.05150557961403983,0.11213592548899075,-0.06063034587495092,-0.06331303818264324
2015-11-30,62,0.025741790632988835,0.08185667712720106,0.7692307692307692,0.6923076923076923,0.04208212408840319,0.04380190093576123,-0.0017197768473580372,-0.005492212744793934
2015-12-31,62,0.020016206491463073,0.06676754732867402,0.6153846153846153,0.8461538461538463,-0.02976873259065655,-0.026243190060495934,-0.0035255425301606164,-0.00723387586349395
2016-01-31,62,0.01753985780735664,0.05502008782776972,0.7692307692307692,0.7692307692307692,-0.02630629179216757,-0.006497334673851266,-0.019808957118316303,-0.023703187887547075
2016-02-29,62,0.028775980179429395,0.0730429612624271,0.6923076923076922,0.6923076923076922,-0.01745549111631241,0.0131528075766937,-0.03060829869300611,-0.034114708949416366
2016-03-31,62,0.03367539346285717,0.08733424479370998,0.46153846153846145,0.46153846153846156,0.029290388901833088,0.0391720245281256,-0.00988163562629251,-0.012288686908343793
2016-04-30,62,0.020960610351001316,0.05395061713167,0.46153846153846145,0.7692307692307692,0.011878997047502931,0.04214943156522462,-0.030270434517721687,-0.03348517810746528
2016-05-31,62,0.020392551800307482,0.06759249412255909,0.7692307692307692,0.8461538461538463,0.06844991238405876,-0.0181656577694144,0.08661557015347315,0.08263159579449879
2016-06-30,62,0.01712665330155886,0.06938694476941569,0.8461538461538463,0.7692307692307692,0.00731540794855401,0.016303367728194473,-0.008987959779640464,-0.012731549523230207
2016-07-31,62,0.028709663225115454,0.07280102199044626,0.6153846153846153,0.5384615384615384,0.0531497625080697,0.061382670810230563,-0.008232908302160863,-0.011245728814981376
2016-08-31,62,0.019437634485987915,0.06861697280980836,0.7692307692307692,0.46153846153846145,-0.01157388579942496,-0.016310899604557158,0.004737013805132199,0.00137803944615784
2016-09-30,62,0.014530311829759638,0.057013086035357055,0.6153846153846153,0.7692307692307692,0.019118075955589495,0.023355819742342625,-0.00423774378675313,-0.007615948914958258
2016-10-31,62,0.014522082587028251,0.044357450616625924,0.9230769230769231,0.6923076923076923,-0.008611151434611357,-0.014439647790786558,0.005828496356175201,0.0018124707151495599
2016-11-30,62,0.013116019614571598,0.05599448421771628,0.769230769230769,0.6153846153846153,-0.015845785087097785,0.05722032445646111,-0.0730661095435589,-0.07687700697945633
2016-12-31,62,0.013951571466114646,0.06622609107247025,0.769230769230769,0.6923076923076922,0.03235436253280229,-0.007889443245953072,0.040243805778755366,0.03685598526593485
2017-01-31,62,0.015213111894200698,0.056263214452767274,0.6923076923076922,0.9230769230769231,0.004929846627747085,0.016063400781009925,-0.01113355415326284,-0.015101502871211559
2017-02-28,62,0.015491514027020306,0.04977926462401091,0.5384615384615384,0.8461538461538463,0.018721133949478063,0.030629663398588226,-0.011908529449110163,-0.015158529449110163
2017-03-31,62,0.010522844228692634,0.0640529858259967,0.8461538461538463,0.6923076923076922,0.01842054433574962,0.036541711607893615,-0.018121167272143995,-0.022015398041374767
2017-04-30,62,0.013080922550255348,0.03577356564630004,0.7692307692307692,0.7692307692307692,0.04789237878366414,0.08167394604640014,-0.033781567262736005,-0.03738733649350523
2017-05-31,62,0.016169532641309176,0.06720036307415964,0.7692307692307692,0.6923076923076923,0.041894963723449745,-0.014505757130077842,0.05640072085352758,0.05272443880224553
2017-06-30,62,0.01193556602606808,0.05357728349631068,0.8461538461538463,0.8461538461538463,-0.02170342720095412,-0.020031001754468362,-0.0016724254464857563,-0.005425630574690885
2017-07-31,62,0.013813456206640163,0.03912164446390987,0.769230769230769,0.6923076923076922,-0.037657852988135,0.01182128242661751,-0.04947913541475251,-0.05304323797885507
2017-08-31,62,0.014975383168931518,0.04497404949949601,0.46153846153846156,0.46153846153846145,0.006891692014575728,0.00943722027403532,-0.002545528259459592,-0.0050327077466390795
2017-09-30,62,0.014662728884042853,0.04945405047563218,0.7692307692307692,0.6153846153846153,0.049067325004306966,0.015968564544993215,0.03309876045931375,0.02984876045931375
2017-10-31,62,0.012877265233264849,0.039110563168410245,1.0,0.6153846153846153,0.045556439205425264,0.012835991145491976,0.03272044805993329,0.028816601906087133
2017-11-30,62,0.014444517705893936,0.05504736870236063,0.9230769230769231,0.9230769230769231,-0.04868790305134115,-0.011798300975814831,-0.03688960207552632,-0.041174858485782735
2017-12-31,62,0.010446116323522717,0.04930079997070976,0.3076923076923077,0.6923076923076922,-0.0034213309715600292,0.013954188453885928,-0.01737551942544596,-0.019856288656215186
2018-01-31,62,0.013737835717646547,0.05133029327716195,0.5384615384615384,0.6923076923076923,-0.004819030422146905,-0.037428115065229535,0.03260908464308263,0.029746905155903145
2018-02-28,62,0.013501602427670742,0.045306249101033765,0.6923076923076922,0.8461538461538463,-0.00034337642271318526,0.02780935156590306,-0.028152727988616247,-0.031934779270667527
2018-03-31,62,0.021152565395007726,0.08224498292976404,0.6923076923076923,0.6923076923076922,-0.028274115220916992,-0.023071721744277518,-0.005202393476639474,-0.008901111425357423
2018-04-30,62,0.013339512384788877,0.04060472014133641,0.6923076923076922,0.769230769230769,0.006842564454430109,0.029965819378815275,-0.02312325492438517,-0.026751460052590298
2018-05-31,62,0.016029678071979934,0.08162158796890376,0.46153846153846156,0.7692307692307692,-0.004374447573171479,-0.006168245024547943,0.0017937974513764637,-0.0015010743434953314
2018-06-30,62,0.011353162291007059,0.052594659539666515,0.8461538461538463,0.7692307692307692,-0.008843144104070106,-0.005205556752044116,-0.0036375873520259894,-0.007413228377667016
2018-07-31,61,0.015442211453757194,0.05390162877865425,0.7692307692307692,0.6923076923076921,0.0313013060556588,0.06515625492174895,-0.033854948866090154,-0.037246775789167075
2018-08-31,61,0.01938640966809448,0.07536787926904269,0.6923076923076923,0.6666666666666665,0.025048341640740303,0.01152654960642559,0.013521792034314712,0.010057315538588216
2018-09-30,61,0.013892524395037392,0.05245120048326416,0.6923076923076923,0.7499999999999998,-0.0005501490841339769,-0.033337480351538495,0.03278733126740452,0.029242993660566912
2018-10-31,61,0.011901839444863031,0.050554302377958694,0.6153846153846154,0.5833333333333333,-0.05806708015503353,-0.10188585276448844,0.043818772609454916,0.04095258671201902
2018-11-30,60,0.020453887271550304,0.07907748740590372,0.8461538461538459,0.8333333333333331,0.0032085444036023354,-0.029383153311626387,0.03259169771522872,0.02843411224514325
2018-12-31,60,0.01831425294247213,0.06599205436956888,0.7499999999999998,0.7499999999999998,-0.04760425087957874,-0.04612084208846376,-0.0014834087911149776,-0.005073686568892755
2019-01-31,60,0.01837003906139593,0.050179974316571674,0.6666666666666665,0.5833333333333333,0.015256319728736053,0.09724776800515668,-0.08199144827642063,-0.08516853160975396
2019-02-28,60,0.020658987651248517,0.066563886243891,0.41666666666666663,0.5833333333333333,0.052148199987408904,0.06116640503935978,-0.009018205051950876,-0.011608482829728654
2019-03-31,60,0.01895090097618285,0.09107291332355551,0.5,0.9166666666666664,-0.0026414417945141723,0.024228232192310607,-0.02686967398682478,-0.030380090653491447
2019-04-30,60,0.015692734935784602,0.051887767334835,0.5,0.6666666666666665,0.08261532224109135,0.039528461063390384,0.04308686117770096,0.03988547228881208
2019-05-31,60,0.017146104227129977,0.07072560041031876,0.8333333333333331,0.7499999999999998,-0.02536864104870425,-0.1283038393322136,0.10293519828350935,0.09893519828350934
2019-06-30,60,0.01240915648831592,0.0427895800198681,0.6666666666666665,0.7499999999999998,0.050520131421494106,0.015291527948398867,0.03522860347309524,0.03178763125087302
2019-07-31,33,0.016773342790260864,0.05615795890232594,0.9166666666666665,0.75,0.03202046706554078,0.01933127544305765,0.012689191622483127,0.00834395352724503
2019-08-31,60,0.016025970019902597,0.07966890321218807,0.7499999999999999,0.8333333333333333,-0.014998944363211775,-0.002504066840435894,-0.012494877522775881,-0.01633862752277588
2019-09-30,60,0.017315044214348246,0.07467278950294233,0.8333333333333331,0.9166666666666664,0.06048999103879067,0.00531990239777975,0.055170088641010924,0.0511666164187887
2019-10-31,60,0.01730540398699798,0.06331830752214383,0.6666666666666665,0.7499999999999998,0.01144665155839733,0.008278278463278766,0.0031683730951185644,-0.0003420435715481015
2019-11-30,60,0.020796658245814836,0.10244926889059687,0.5833333333333333,0.833333333333333,0.01009839374727613,0.009965982035697306,0.00013241171157882432,-0.0034995327328656194
2019-12-31,60,0.01390556869787011,0.07559990433883458,0.7499999999999998,0.833333333333333,0.014383425908176352,0.0411506353555789,-0.026767209447402546,-0.030489431669624766
2020-01-31,60,0.015685930168612732,0.043786166021281714,0.5,0.49999999999999994,0.014754466771878263,-0.025221913593212183,0.03997638036509045,0.037143047031757116
2020-02-29,60,0.017819862337770314,0.06259566713442949,0.7499999999999999,0.7499999999999998,-0.05432350782212394,-0.07984421810324269,0.02552071028111875,0.022086682503340973
2020-03-31,60,0.017777781781245654,0.09742207438534863,0.7499999999999999,0.9166666666666664,-0.10472671826997326,-0.1691537597641248,0.06442704149415154,0.06043398593859599
2020-04-30,60,0.053422645088464615,0.13562157561482144,0.7499999999999998,0.8333333333333331,0.11562001606074386,0.0936539372607783,0.021966078799965566,0.018087606577743345
2020-05-31,63,0.03966176328141714,0.09618967223252108,0.769230769230769,0.7692307692307689,0.030075872227870327,0.08193113192015446,-0.051855259692284134,-0.055525131487155925
2020-06-30,63,0.03425010729247613,0.0890956189970214,0.46153846153846156,0.6153846153846153,0.015438947146886055,-0.0018566420011228322,0.017295589148008886,0.01434046094288068
2020-07-31,63,0.026749067460529845,0.06492954938442717,0.5384615384615384,0.5384615384615384,0.027682005736864114,0.03422745813941063,-0.006545452402546517,-0.00914801650511062
2020-08-31,63,0.020638813654055913,0.07858276390752708,0.6923076923076922,0.9230769230769231,0.027278590585397063,0.026927461723643832,0.00035112886175323044,-0.0036648967792724113
2020-09-30,63,0.02076884469640402,0.06364824911191178,0.7692307692307692,0.6923076923076922,0.027422969448034074,0.017867256958118437,0.009555712489915637,0.006039686848889996
2020-10-31,63,0.022581971198204605,0.06063062881291206,0.6153846153846153,0.6153846153846153,-0.03916428314061278,-0.004256867654516872,-0.03490741548609591,-0.037929851383531804
2020-11-30,66,0.018084020626756608,0.0803037804422697,0.9285714285714285,0.5384615384615384,0.09047390360010012,0.16140176474705392,-0.0709278611469538,-0.07461513220922487
2020-12-31,66,0.026265554449644592,0.09033321262556725,0.7857142857142856,0.6153846153846153,0.007123616321976658,0.021917320056674593,-0.014793703734697934,-0.018092696408690608
2021-01-31,66,0.016460076987907905,0.057667755345779954,0.7857142857142856,0.6923076923076922,-0.003401593544344819,-0.007118057004661265,0.003716463460316446,5.529129914428525e-05
2021-02-28,66,0.019894396281132796,0.0869252174857815,0.7857142857142856,0.6153846153846153,0.03656376252279957,-0.009031033553248639,0.0455947960760482,0.04221567519692732
2021-03-31,66,0.017895752920030872,0.07102067434650568,0.7142857142857142,0.7692307692307692,0.07750918565524172,0.0841868030444703,-0.006677617389228591,-0.010125419587030789
2021-04-30,66,0.023783778974588228,0.05928127719658676,0.6428571428571428,0.5384615384615384,0.02949556703102569,0.005196760715782186,0.024298806315243504,0.021503476644913835
2021-05-31,67,0.016735389009613386,0.06214894228407981,0.6428571428571428,0.7142857142857141,0.009110801401328318,-0.029982955419466377,0.039093756820794696,0.0355312568207947
2021-06-30,67,0.01617862861182492,0.06212104971249096,0.5714285714285713,0.7857142857142856,0.027542603303072583,0.021803551282653134,0.005739052020419449,0.002667623448990878
2021-07-31,67,0.014354300084007445,0.04320759615836099,0.7857142857142856,0.4999999999999999,0.05536077664072575,0.018740236006241136,0.03662054063448461,0.03355804063448461
2021-08-31,67,0.016622164938293937,0.05807045883364711,0.7142857142857142,0.5714285714285714,0.004280817692816526,-0.010627651003905624,0.01490846869672215,0.011726921077674531
2021-09-30,67,0.011596903453329041,0.04858718619666306,0.7142857142857142,0.8571428571428571,-0.04310017713073892,-0.039148146360186126,-0.003952030770552797,-0.0075561974372194635
2021-10-31,67,0.013182229234255034,0.04524780537300895,0.49999999999999994,0.7142857142857142,0.00018504528444607433,0.019839029665689508,-0.019653984381243432,-0.02243969866695772
2021-11-30,67,0.017550527080339058,0.06070436142223929,0.5714285714285714,0.7142857142857142,0.010910706360139522,-0.012824834243879915,0.023735540604019438,0.020524231080209916
2021-12-31,67,0.017335742340538713,0.05651734157331757,0.6428571428571428,0.6428571428571428,0.014971694253112683,0.017569224053178824,-0.0025975298000661413,-0.005734434561970904
2022-01-31,67,0.01781084867248233,0.05353802558700792,0.42857142857142855,0.49999999999999994,-0.032101936662619686,-0.10782576944861544,0.07572383278599576,0.07337561850028147
2022-02-28,71,0.019856534203290307,0.059886534953084526,0.2666666666666666,0.5714285714285714,-0.0453867264472225,-0.05788795362965049,0.012501227182427993,0.010393489087189896
2022-03-31,71,0.027161195020155217,0.10785621114599028,0.7333333333333334,0.5714285714285714,-0.032819621981409565,-0.0455782407086542,0.012758618727244632,0.00950921396533987
2022-04-30,71,0.033223063581756335,0.09400344257331213,0.7333333333333334,0.4999999999999999,0.023596153012937666,-0.08422104209015685,0.10781719510309451,0.1047999331983326
2022-05-31,71,0.022939943362952613,0.08954734407738932,0.4,0.5714285714285714,-0.04420115383066429,-0.017656045908176148,-0.02654510792248814,-0.029306417446297663
2022-06-30,71,0.02083159624211842,0.10426703012519803,0.6000000000000001,0.7857142857142856,-0.06694031049862546,-0.13538884773859894,0.06844853723997348,0.06515627533521157
2022-07-31,71,0.019216749870069286,0.07009080218057998,0.6000000000000001,0.5714285714285714,0.06995868701501985,0.12858190723498766,-0.05862322021996781,-0.06190357736282496
2022-08-31,71,0.026196766882224838,0.09740684299745894,0.6000000000000001,0.6428571428571428,-0.01509765647356464,-0.0860145830846894,0.07091692661112475,0.06783597423017237
2022-09-30,71,0.02077722974495694,0.0748756259789927,0.4666666666666667,0.49999999999999994,-0.05348634301929272,-0.10932093360455261,0.05583459058525989,0.0532316143947837
2022-10-31,71,0.017902488286565637,0.05966798593810169,0.6000000000000001,0.5714285714285714,0.026662277971529903,0.18086036024925525,-0.15419808227772536,-0.1571064156110587
2022-11-30,71,0.02911291733172767,0.1043046786747057,0.33333333333333337,0.7857142857142856,0.062269910523204915,0.11103738115957733,-0.04876747063637241,-0.05173473254113432
2022-12-31,71,0.02021102497744122,0.1144519706553676,0.6000000000000001,0.5714285714285714,-0.008993272151136284,0.009663572051845055,-0.01865684420298134,-0.021461010869648006
2023-01-31,71,0.01499397897627263,0.05177702185875906,0.5333333333333333,0.4285714285714285,0.02470265126616735,0.03495884739153773,-0.010256196125370376,-0.012849648506322756
2023-02-28,71,0.018496105657740656,0.06720763518528018,0.6000000000000001,0.3571428571428571,0.03309740026531568,-0.031579694656564176,0.06467709492187985,0.06237590444568938
2023-03-31,71,0.020669871299320564,0.10107210533366182,0.6000000000000001,0.7857142857142856,-0.031054742117098643,0.011405881364657191,-0.04246062348175583,-0.04590169491032726
2023-04-30,71,0.019593946483838477,0.06819521467108076,0.6000000000000001,0.857142857142857,0.02123207818940876,0.0008996786277531174,0.020332399561655643,0.01679311384736993
2023-05-31,72,0.01762726780962054,0.09075697713327216,0.7333333333333334,0.7999999999999999,-0.05195158526315132,-0.028569453461626673,-0.02338213180152465,-0.02699046513485798
2023-06-30,72,0.013513886779898555,0.06044436421044227,0.8,0.6666666666666666,0.013696958577085569,0.013431455349606564,0.00026550322747900465,-0.0032650523280765512
2023-07-31,72,0.013878906335386961,0.06169292777067659,0.6666666666666667,0.6666666666666667,-0.016994334803951586,0.009671810341923624,-0.02666614514587521,-0.029777256256986323
2023-08-31,72,0.015667863015605965,0.06115773226327068,0.5333333333333333,0.7333333333333334,-0.038973000360492255,-0.03434585698031418,-0.004627143380178077,-0.007966032269066966
2023-09-30,72,0.015051892538065619,0.05096304020784602,0.6000000000000001,0.6666666666666667,-0.012413366849567998,-0.03287202536094315,0.02045865851137515,0.01727254740026404
2023-10-31,72,0.015185371708311262,0.04757203897283927,0.7333333333333334,0.4666666666666667,-0.06306881946579702,-0.07113737555135685,0.008068556085559828,0.005113000530004272
2023-11-30,72,0.02079330174021871,0.08056623191068249,0.4,0.6000000000000001,0.05983693543879869,0.1409326548067975,-0.08109571936799881,-0.08383183047910991
2023-12-31,72,0.018189673073190585,0.08634416558344953,0.6666666666666667,0.6000000000000001,0.04931531932295795,0.08465710665053823,-0.03534178732758028,-0.038500120660913614
2024-01-31,72,0.014774355904632304,0.070002581843061,0.6000000000000001,0.4666666666666667,0.005280850202368156,-0.020935691290638398,0.026216541493006555,0.02358320815967322
2024-02-29,73,0.01811751118093059,0.06703439239292175,0.8,0.6666666666666667,0.009010457652850478,0.0014340423739278908,0.007576415278922588,0.003948637501144809
2024-03-31,73,0.0151304533776872,0.07872373735781192,0.6666666666666667,0.7333333333333334,0.03474391443894128,0.04059028999926696,-0.0058463755603256826,-0.009451931115881239
2024-04-30,73,0.014392891183854777,0.05951779786159162,0.6666666666666667,0.6000000000000001,0.022440980098042893,-0.014362499314226455,0.036803479412269344,0.03346459052338046
2024-05-31,73,0.01788549202397764,0.08187754310571875,0.6666666666666667,1.0,0.028316382411565477,0.032334024199616916,-0.004017641788051439,-0.007962086232495884
2024-06-30,73,0.017224409667806858,0.07196693385386474,0.6666666666666667,0.8,-0.013160789561177378,-0.046282148093076285,0.0331213585318989,0.029646358531898905
2024-07-31,73,0.013564516424700438,0.06184465427989756,0.7333333333333334,0.6666666666666667,0.0363892082583123,0.007066076655278084,0.02932313160303422,0.025634242714145328
2024-08-31,75,0.019108398943194677,0.07391347650899524,0.8,0.8,0.01298830268291522,-0.005652932097770586,0.018641234780685807,0.014857901447352474
2024-09-30,75,0.015620408413979952,0.0682172340674692,0.8,0.7333333333333334,0.000966123045577298,-0.02688407268324378,0.027850195728821078,0.024019640173265522
2024-10-31,75,0.015262391880549809,0.06949607886409068,0.6666666666666666,0.7333333333333334,0.01166145938073302,-0.06182677414697264,0.07348823352770567,0.06971601130548345
2024-11-30,75,0.015703476549503822,0.08143608997447248,0.9333333333333333,0.8,-0.01284984439251157,-0.01878932011514655,0.005939475722634981,0.0018339201670794251
2024-12-31,75,0.015605038976083252,0.054444066496605506,0.8,0.8666666666666667,-0.01250372365848506,-0.0337773411538393,0.02127361749535424,0.01727361749535424
2025-01-31,75,0.012417294721282302,0.04951051838011036,0.5333333333333333,0.6000000000000001,0.028707639638284984,0.04853700542134795,-0.019829365783062967,-0.022443254671951855
2025-02-28,75,0.01951432285324624,0.08363669297771596,0.7333333333333334,0.5333333333333333,0.04282749755949334,-0.0015270071463267013,0.044354504705820044,0.04115450470582004
2025-03-31,75,0.019202289088802022,0.1019080398958461,0.7333333333333334,0.7333333333333334,-0.05082370048204734,-0.0704161785785589,0.019592478096511566,0.015825811429844898
2025-04-30,75,0.01656661342301732,0.0872426446931393,0.8,0.7333333333333334,0.006702103030647652,0.05884432631767529,-0.05214222328702764,-0.0559727788425832
2025-05-31,77,0.03227883582048423,0.08619720835178399,0.6249999999999999,0.7499999999999999,0.009356737761854209,0.06409848433660026,-0.05474174657474605,-0.05806466324141272
2025-06-30,77,0.018085103630116298,0.10571665681677431,0.5625,0.4375,0.002304788533400215,-0.02346399659072082,0.025768785124121035,0.023195868457454367
2025-07-31,77,0.013171376404223653,0.06215094979753784,0.625,0.4375,0.021799948765474107,0.06224427668917897,-0.040444327923704865,-0.04311620292370487
2025-08-31,76,0.01785488493567436,0.156438750464198,0.6875,0.625,-0.015135625081527222,-0.02510381312808996,0.009968188046562739,0.006732076935451628
2025-09-30,76,0.0146949918729498,0.07696689482200528,0.75,0.8,0.010081738150370417,-0.03306147113619412,0.04314320928656454,0.03954320928656454
2025-10-31,76,0.013466352667192066,0.05830505881751593,0.5,0.5333333333333333,0.040583263510572565,0.07050364221599345,-0.029920378705420886,-0.032473156483198665
2025-11-30,77,0.01474283788171371,0.10839609242507457,0.625,0.7499999999999999,0.012943879930374762,-0.010447385228875762,0.023391265159250524,0.01987303599258386
2025-12-31,77,0.016181668521386527,0.0698235456947373,0.5625,0.75,0.0318792234247342,0.03129334145179559,0.000585881972938608,-0.002572972193728059
2026-01-31,77,0.012685002597279296,0.04719664805671016,0.5,0.6875,0.00530660003950531,0.04352481027322957,-0.03821821023372426,-0.04114008523372426
2026-02-28,77,0.017204439627019702,0.07143733849191879,0.5625,0.625,0.07797971831314737,-0.02615893029319804,0.10413864860634542,0.10133396110634542
2026-03-31,77,0.020665518975517827,0.06590487671579538,0.625,0.875,-0.047595643040493435,-0.06464607878724253,0.017050435746749096,0.013138977413415763
2026-04-30,77,0.01911095856767718,0.0746453075850227,0.75,0.6875,0.010282366051338095,0.0826648918124549,-0.07238252576111681,-0.07571325492778348
2026-05-31,77,0.021826356466079944,0.07625049458855578,0.75,0.6875,0.02234354215985882,0.056477413506993396,-0.034133871347134574,-0.03780314218046791
2026-06-30,77,0.01759941538728252,0.08271739749290004,0.625,0.5625,-0.024557981279219793,-0.012932677628510816,-0.011625303650708976,-0.014547178650708977
2026-07-31,77,0.01638591405791176,0.06578098153727309,0.5,0.625,0.04533525657427637,0.024626857581323165,0.0207083989929532,0.017963607326286532
2026-08-31,77,0.02087533090493668,0.09936681461111778,0.5,0.625,0.01239611015519975,0.07324457925996325,-0.0608484691047635,-0.06381461493809683
