month,n,max_low,max_high,to_low,to_high,Q1,Q3,ls_gross,ls_net
2013-02-28,16,0.017139458277062276,0.05051012064293574,0.6666666666666667,0.6000000000000001,0.028783544893720148,0.10002343967756092,-0.07123989478384077,-0.07406489478384076
2013-03-31,16,0.02183224966096838,0.07610534031449193,0.6666666666666666,0.6000000000000001,0.020911795560094853,0.01791500380842508,0.0029967917516697737,-0.0004948749149968928
2013-04-30,16,0.015329857047829335,0.03510920521553729,0.6666666666666667,0.6000000000000001,-0.02364316342872569,-0.016147242273053218,-0.007495921155672471,-0.01057092115567247
2013-05-31,17,0.020987047514430517,0.04385528991244406,0.6666666666666667,0.6666666666666667,-5.864090221630036e-05,0.12210299792583887,-0.12216163882805517,-0.1254185832724996
2013-06-30,17,0.017357673653541128,0.07260630876193763,0.6666666666666666,0.6666666666666666,-0.022847662826872915,-0.026130218902032445,0.0032825560751595304,9.505607515953045e-05
2013-07-31,17,0.019336090043675275,0.04471443083343537,0.6666666666666666,0.5,0.06288428010105136,0.12752009142778498,-0.06463581132673361,-0.06724692243784473
2013-08-31,17,0.02102765886619799,0.04540707927009587,0.6666666666666667,0.5,0.006331832354136237,-0.026650919573098453,0.03298275192723469,0.029989696371679135
2013-09-30,17,0.016463645037473034,0.07774843595505165,0.49999999999999994,0.6666666666666666,0.02856489406219144,0.07206113472189593,-0.04349624065970449,-0.046350407326371156
2013-10-31,17,0.018087654196533094,0.04383073592641299,0.5,0.5,0.025095478078732112,0.09658236835916284,-0.07148689028043073,-0.07400772361376406
2013-11-30,17,0.018322291989207134,0.05471834313302263,0.3333333333333333,0.16666666666666666,-0.019477831085594942,0.03177826536486256,-0.0512560964504575,-0.05277692978379083
2013-12-31,17,0.01692323191227089,0.05920757212920683,0.6666666666666666,0.3333333333333333,0.03888003871931193,0.003121354532798715,0.035758684186513214,0.03341146196429099
2014-01-31,17,0.019791803409814717,0.039465615063866366,0.8333333333333334,0.3333333333333333,-0.013198607992725299,0.04038204323531277,-0.05358065122803807,-0.05643481789470473
2014-02-28,17,0.01954051645469812,0.05335827522021641,0.49999999999999994,0.3333333333333333,0.028050933929594863,0.07850407871111824,-0.05045314478152338,-0.05257120033707893
2014-03-31,17,0.019751369581044547,0.06409026708390952,0.49999999999999994,0.6666666666666666,-0.01570967334891854,0.005296336325457415,-0.021006009674375957,-0.023617120785487066
2014-04-30,17,0.01935447243539497,0.04098147980287444,0.3333333333333333,0.5,0.002301502086774024,-0.009642819594785745,0.01194432168155977,0.00975682168155977
2014-05-31,17,0.016082753020659757,0.043882001337837075,0.8333333333333334,0.6666666666666666,0.08814324720051517,0.10862789493232089,-0.020484647731805722,-0.024074925509583497
2014-06-30,17,0.014176945825153164,0.05783496377890277,0.8333333333333334,0.3333333333333333,0.009603639417426164,-0.045700566199863915,0.055304205617290075,0.05269309450617896
2014-07-31,17,0.014357514986177988,0.033128177386396396,0.5,0.3333333333333333,-0.005812271340140933,-0.04447800918063931,0.03866573784049838,0.03665184895160949
2014-08-31,18,0.014297740862521705,0.03583521160677768,0.49999999999999994,0.5,-0.03678357893201776,0.0018614924871601848,-0.038645071419177945,-0.04092284919695573
2014-09-30,18,0.015887232612299556,0.05665242106260856,0.49999999999999994,0.5,0.008742257654113015,0.012677715527631233,-0.003935457873518218,-0.006525735651295996
2014-10-31,18,0.017646631892354086,0.035321417539961396,0.6666666666666667,0.3333333333333333,0.01583887261170419,-0.007860223618415575,0.023699096230119766,0.021108818452341988
2014-11-30,19,0.027257526498084772,0.061811174549747716,0.7142857142857142,0.6666666666666666,0.021359374613615856,0.04227948373586177,-0.02092010912224591,-0.024202847217484006
2014-12-31,19,0.016089791696788654,0.06292508484618176,0.7142857142857142,0.6666666666666666,0.01700377889829119,0.026168295230763448,-0.009164516332472259,-0.012447254427710355
2015-01-31,19,0.020170374712221335,0.06018835547974374,0.7142857142857142,0.5,0.04853326639683097,0.07109175880319829,-0.02255849240636732,-0.025820397168272082
2015-02-28,19,0.02508012809533116,0.04895417887009823,0.2857142857142857,0.6666666666666666,0.07215760798342713,0.09831879729029422,-0.02616118930686709,-0.028413173433851215
2015-03-31,19,0.022177092121661777,0.09438303660030394,0.5714285714285713,0.5,0.005083719925951469,0.07391197508162779,-0.06882825515567632,-0.07156139007631124
2015-04-30,19,0.016692099138096994,0.06485358364291686,0.4285714285714285,0.49999999999999994,0.020859459888427946,-0.00022348449383278839,0.021082944382260736,0.018948023747340104
2015-05-31,19,0.020686262368411073,0.03846675186543125,0.7142857142857142,0.16666666666666666,0.02964044574234535,0.021195032882975598,0.008445412859369752,0.006405730319687213
2015-06-30,19,0.018472918845574306,0.04981022734334902,0.857142857142857,0.6666666666666667,-0.01345680098940419,-0.03199989536985036,0.01854309438044617,0.015217697555049346
2015-07-31,19,0.019557968826924954,0.04801571793691165,0.5714285714285713,0.8333333333333334,0.026802524899221317,0.035593304804368675,-0.008790779905147358,-0.012016970381337835
2015-08-31,19,0.023758820695643803,0.04001587371618839,0.5714285714285714,0.6666666666666667,-0.06699862957810197,-0.06258808782588277,-0.0044105417522192075,-0.007095065561743017
2015-09-30,19,0.03295441812484845,0.06549853370294985,0.2857142857142857,0.5,-0.0016795956633065068,-0.03710906351493869,0.03542946785163218,0.03333720594687028
2015-10-31,19,0.02356198316549737,0.04363979072787216,0.7142857142857142,0.5,0.032328042408158494,0.04020674775952476,-0.007878705351366262,-0.010828110113271025
2015-11-30,19,0.02813974345092391,0.0664834050073954,0.5714285714285714,1.0,0.08902791940081521,0.043284010398110084,0.04574390900270513,0.042184385193181316
2015-12-31,19,0.021920549670759706,0.0675781059970229,0.7142857142857142,1.0,-0.016188875908219127,0.019797275065658277,-0.035986150973877404,-0.03993555573578216
2016-01-31,19,0.01632632772157264,0.040475732869242255,0.42857142857142855,0.6666666666666666,-0.03960955977373781,-0.014988578701343052,-0.02462098107239476,-0.02788784615175984
2016-02-29,19,0.03308673380868919,0.0642919277427881,0.5714285714285714,0.5,-0.0026437784298424406,0.009353811220898029,-0.01199758965074047,-0.014800169015819833
2016-03-31,19,0.04046393364269955,0.07937021179986266,0.4285714285714285,0.5,0.05161760793740475,-0.004369685954817551,0.055987293892222297,0.05371348436841277
2016-04-30,19,0.02341266813006396,0.043891694607569254,0.4285714285714285,0.6666666666666667,0.004005044719996425,0.009187156638179705,-0.005182111918183281,-0.00796286588643725
2016-05-31,19,0.02022364481778013,0.05020103499811764,0.7142857142857142,0.6666666666666667,0.06485754606363882,-0.02271570945283546,0.08757325551647428,0.08397801742123619
2016-06-30,19,0.017772186644474348,0.062268443256359975,0.5714285714285713,0.6666666666666667,-0.05698470469297434,-0.030939309685771077,-0.026045395007203265,-0.028799363261171516
2016-07-31,19,0.03127328295161114,0.07048001422266333,0.5714285714285714,0.49999999999999994,0.03313650530289302,0.046732670160798455,-0.013596164857905435,-0.01650291088965147
2016-08-31,19,0.0206645490493021,0.0519360106414295,0.4285714285714285,0.3333333333333333,0.025717836936531874,0.035559183142347364,-0.00984134620581549,-0.011851266840736126
2016-09-30,19,0.018983602417211927,0.06566906244359212,0.5714285714285713,0.6666666666666666,-0.011907599082595198,0.00838065756112747,-0.02028825664372267,-0.023111669342135367
2016-10-31,19,0.013405155080086282,0.03869688051283737,0.5714285714285714,0.6666666666666667,-0.057175847547332306,0.011354742346806742,-0.06853058989413904,-0.0717706692592184
2016-11-30,19,0.015773702614112484,0.04111693961873134,0.4285714285714285,0.49999999999999994,-0.04279062658435238,0.011980452049020856,-0.05477107863337323,-0.05732266593496053
2016-12-31,19,0.014016995359968825,0.06490487191039451,0.4285714285714285,0.6666666666666667,0.02524223612972439,0.03921413554584148,-0.013971899416117092,-0.016509597828815503
2017-01-31,19,0.019656647981735307,0.056713839308869717,0.4285714285714285,0.8333333333333334,0.0411164263544458,0.03492902279146189,0.006187403562983904,0.0031427607058410467
2017-02-28,19,0.022098113256835892,0.043166428736750806,0.5714285714285713,0.6666666666666667,0.03059680949210478,0.04079420563778974,-0.010197396145684958,-0.0130902532885421
2017-03-31,19,0.017452271103509505,0.048123269828298364,0.5714285714285713,0.5,0.023412498882306232,0.055821344243209725,-0.03240884536090349,-0.035141980281538414
2017-04-30,19,0.014134428045070877,0.03476894701968891,0.7142857142857142,0.3333333333333333,0.07534635535539226,0.07262972600538678,0.002716629350005481,0.000274169032545164
2017-05-31,19,0.017279547976096227,0.044561649994353525,0.857142857142857,0.6666666666666666,0.014860280655198335,-0.0013401622010859766,0.01620044285628431,0.01280560158644304
2017-06-30,19,0.017379396849282167,0.05117848209396451,0.5714285714285714,0.49999999999999994,-0.003134903937864103,-0.017625603295867893,0.014490699358003789,0.01193117554847998
2017-07-31,19,0.014774347016364884,0.0335407390883683,0.5714285714285714,0.5,1.7547830519706962e-05,0.03930597104083905,-0.03928842321031934,-0.0417785025753987
2017-08-31,19,0.01673455952480918,0.04148639108429061,0.4285714285714285,0.6666666666666667,0.02135251075241841,-0.022112710481802574,0.04346522123422099,0.04058030059930036
2017-09-30,19,0.021932099431263823,0.062050904466451194,0.7142857142857142,0.6666666666666666,-0.0056196104385770615,0.0010105013774595246,-0.0066301118160365866,-0.009982294355719127
2017-10-31,19,0.012181366017453168,0.029586227513567653,0.5714285714285713,0.6666666666666667,0.043241918858955675,-0.002875292058792425,0.0461172109177481,0.04280768710822429
2017-11-30,19,0.019698677517798302,0.043193564860528944,0.4285714285714285,0.8333333333333334,-0.06540084058580665,-0.0252588241668409,-0.040142016418965754,-0.0430130481649975
2017-12-31,19,0.01446340662189113,0.06075500864656221,0.7142857142857142,0.6666666666666667,0.028758526685709614,1.4305852048462214e-05,0.02874422083366115,0.025704538293978615
2018-01-31,19,0.014896344172569766,0.044986392438479905,0.7142857142857142,0.8333333333333334,0.006344300242360181,-0.02363180663388072,0.0299761068762409,0.02629059100322503
2018-02-28,19,0.014405581949840953,0.041912760404283676,0.7142857142857142,0.8333333333333334,0.01330784272094714,0.06268833982522154,-0.0493804971042744,-0.053170179643956934
2018-03-31,19,0.0221803098744224,0.1003502191037009,0.4285714285714285,0.5,-0.023679505167413156,-0.0035516840259796983,-0.02012782114143346,-0.02257524177635409
2018-04-30,19,0.013533353870870719,0.03609702535759488,0.2857142857142857,0.49999999999999994,-0.015133700340527887,0.025852911012423388,-0.04098661135295127,-0.04297470659104651
2018-05-31,19,0.014751019721153811,0.045461837603859835,0.14285714285714285,0.6666666666666667,0.012724917201693489,-0.06540094224148632,0.0781258594431798,0.07591653404635441
2018-06-30,19,0.016965272951018257,0.058491905997970085,0.0,0.6666666666666666,0.008702805515362446,0.010139617573602822,-0.0014368120582403752,-0.003186812058240375
2018-07-31,18,0.017228549947115646,0.059243999303061755,0.2857142857142857,0.49999999999999994,0.06517169553390156,0.1166618571591869,-0.05149016162528533,-0.05365186797449168
2018-08-31,18,0.020058450080707762,0.04552852379904456,0.3333333333333333,0.49999999999999994,0.01962375153133414,0.016597636805640876,0.003026114725693266,0.0008386147256932659
2018-09-30,18,0.017215305109151813,0.059325905682055646,0.6666666666666666,0.3333333333333333,-0.03378216336765467,-0.0369677273434209,0.003185563975766234,0.0005952861979884562
2018-10-31,18,0.01340942260992369,0.04324377795942391,0.5,0.3333333333333333,-0.067208277124536,-0.09156836640683118,0.024360089282295175,0.022172589282295173
2018-11-30,18,0.02421535311502998,0.056703121570548354,0.6666666666666667,0.6666666666666666,0.014376205881528306,-0.04136114153975704,0.055737347421285346,0.05265401408795201
2018-12-31,18,0.021508114776156478,0.05620219247060924,0.8333333333333334,0.6666666666666667,-0.09135794146560054,-0.05189155916220975,-0.03946638230339079,-0.04316082674783524
2019-01-31,18,0.017629561959546236,0.04200605009347765,0.6666666666666666,0.3333333333333333,0.03344199908867571,0.050211275017117064,-0.01676927592844135,-0.019533164817330244
2019-02-28,18,0.024438633912928887,0.055254509996167656,0.16666666666666666,0.5,0.08691328819077715,0.07788178730895005,0.009031500881827095,0.007177334215160429
2019-03-31,18,0.0269531008939126,0.09094676441207598,0.6666666666666666,0.49999999999999994,-0.005360163617025627,-0.028143396124663413,0.022783232507637786,0.019859621396526677
2019-04-30,18,0.01848197110055901,0.032407068920882263,0.6666666666666666,0.6666666666666666,0.05990988443750976,0.035489184060781276,0.024420700376728485,0.02116375593228404
2019-05-31,18,0.021601939070507486,0.05956999885012981,0.6666666666666667,0.8333333333333334,-0.002796697351149828,-0.1685827572903613,0.16578605993921147,0.16219578216143368
2019-06-30,18,0.019933606304138984,0.045766598865224196,0.3333333333333333,0.6666666666666667,0.009953912234480482,-0.01056845251999326,0.02052236475447374,0.018105698087807074
2019-07-31,18,0.024602809627031503,0.05301223853183756,0.6666666666666667,0.6666666666666667,-0.019831498108961936,0.00021532195116308328,-0.02004682006012502,-0.023303764504569464
2019-08-31,18,0.02065663931758614,0.038638005363570725,0.6666666666666667,0.8333333333333334,-0.038843074661370006,-0.0010287552115787087,-0.0378143194497913,-0.041300430560902414
2019-09-30,18,0.028467744669739375,0.10316499656506017,0.6666666666666667,0.8333333333333334,0.02167615814796188,-0.0006330316714340438,0.022309189819395923,0.018545300930507033
2019-10-31,18,0.018777604926909386,0.0577525519657914,0.49999999999999994,0.49999999999999994,-0.02732426434174906,-0.021738229225170394,-0.0055860351165786665,-0.008349924005467555
2019-11-30,18,0.0229687827939918,0.07006450596942031,0.16666666666666666,0.6666666666666667,0.06347285004823473,0.04404314664994034,0.01942970339829439,0.017103314509405502
2019-12-31,18,0.022640221317517268,0.10042657100138741,0.5,0.6666666666666667,0.031048378678307117,0.015178417154554496,0.01586996152375262,0.01311996152375262
2020-01-31,18,0.02261602823744069,0.03908676762527904,0.3333333333333333,0.49999999999999994,0.051859859583843204,-0.005393372764428271,0.057253232348271475,0.05475323234827148
2020-02-29,18,0.023019839350919374,0.05868413248116614,0.6666666666666666,0.6666666666666667,-0.03882523240705127,-0.06444436924862863,0.025619136841577364,0.02243163684157736
2020-03-31,18,0.024562954398838044,0.09494584590969202,0.6666666666666666,0.6666666666666666,-0.20378029607870934,-0.12372811552439342,-0.08005218055431593,-0.08337856944320482
2020-04-30,18,0.05210405864039206,0.1214167809444306,0.49999999999999994,0.5,0.07882786980732177,0.1417569871804415,-0.06292911737311972,-0.06534578403978639
2020-05-31,21,0.04330007395555021,0.08912780067160167,0.5714285714285714,0.5714285714285714,0.03284919447606871,0.041987023761657874,-0.009137829285589164,-0.012167591190351068
2020-06-30,21,0.034398442249917185,0.09108812861233677,0.2857142857142857,0.4285714285714285,0.030348100752858494,0.009269282861757513,0.02107881789110098,0.01863834170062479
2020-07-31,21,0.028758922239738544,0.07027013206552638,0.4285714285714285,0.4285714285714285,0.07575145663802249,0.046037302985932047,0.029714153652090444,0.027315344128280922
2020-08-31,21,0.02373051767689354,0.05898556402448115,0.4285714285714285,0.7142857142857142,0.03928655375180455,-0.037576813181331575,0.07686336693313613,0.07389312883789803
2020-09-30,21,0.02144982413795333,0.07260984587570261,0.5714285714285714,0.857142857142857,0.01785225333065559,0.030966673264253376,-0.013114419933597785,-0.016358467552645403
2020-10-31,21,0.025839822183212475,0.06010078610812086,0.5714285714285714,0.7142857142857142,0.008475776751260322,0.010552643453917201,-0.002076866702656879,-0.005184009559799737
2020-11-30,21,0.024156320442707515,0.07850425426044616,0.5714285714285714,0.5714285714285714,0.10359041892796941,0.14945626349619737,-0.045865844568227954,-0.04859798742537081
2020-12-31,21,0.03643690537910275,0.08179418906128598,0.4285714285714285,0.4285714285714285,0.04949375084726943,0.05255187153043816,-0.0030581206831687274,-0.005308120683168728
2021-01-31,21,0.020350195575624515,0.05669314079615633,0.5714285714285714,0.5714285714285714,-0.029284904206907117,-0.019705182046205007,-0.00957972216070211,-0.012252341208321157
2021-02-28,21,0.02656342021213289,0.08204767816310518,0.42857142857142855,0.4285714285714285,0.024379717796112158,0.033681849264317686,-0.009302131468205528,-0.01181998861106267
2021-03-31,21,0.026110445522640604,0.07786125704877185,0.42857142857142855,0.857142857142857,0.03587191342851334,0.09385864569967464,-0.0579867322711613,-0.061153398937827966
2021-04-30,21,0.025813680897658627,0.06363848082992739,0.7142857142857142,0.5714285714285714,0.06278411893479426,0.017531719129546316,0.045252399805247936,0.04235359028143841
2021-05-31,22,0.024922256746691046,0.06426016392442183,0.5,0.4285714285714285,0.0356182232073534,-0.00724456914328055,0.04286279235063395,0.040529459017300616
2021-06-30,22,0.02443450707154135,0.07065917670157654,0.375,0.7142857142857142,0.04171752840944733,0.05917921731422886,-0.01746168890478153,-0.020175974619067245
2021-07-31,22,0.0178270332395839,0.044641854479873934,0.25,0.5714285714285714,0.0698959603232662,-0.0024874529477379526,0.07238341327100416,0.07008579422338511
2021-08-31,22,0.018878294706658,0.04402038658447825,0.625,0.4285714285714285,0.0033816256827453317,-0.033508519413005984,0.036890145095751316,0.0343960974767037
2021-09-30,22,0.017717407610800817,0.06012221430615762,0.75,0.7142857142857142,-0.07290767540012626,-0.013329241996261985,-0.059578433403864275,-0.06319152864195952
2021-10-31,22,0.018936492252903364,0.04683175185618065,0.75,0.4285714285714285,0.01733367253982178,0.03804545379006426,-0.020711781250242478,-0.023812971726432954
2021-11-30,22,0.02390777697275759,0.055940181387158984,0.5,0.5714285714285714,-0.04053278879705051,-0.030985958911780447,-0.009546829885270062,-0.012374210837651015
2021-12-31,22,0.02542984825698172,0.0585459906110052,0.375,0.5714285714285714,0.0519816709114512,0.0157909433532915,0.036190727558159705,0.03382167993911209
2022-01-31,22,0.027504427359053063,0.05911484539493724,0.375,0.5714285714285714,-0.0587401929932998,-0.15216927287012427,0.09342907987682447,0.09100050844825304
2022-02-28,22,0.02521321633023091,0.05304253539311416,0.375,0.7142857142857142,-0.045784159402211935,0.0014329158219829885,-0.047217075224194924,-0.05008017046229016
2022-03-31,22,0.04457559828274538,0.1187934590671045,0.25,0.5714285714285714,0.020890067703310713,-0.032794808669831754,0.05368487637314247,0.05150630494457104
2022-04-30,22,0.04669640471231737,0.0943989404217903,0.25,0.4285714285714285,0.013270455381303739,-0.07778201158283041,0.09105246696413415,0.08874294315461033
2022-05-31,22,0.029957248258739105,0.0643957775546188,0.375,0.5714285714285714,-0.062418790400619345,0.008047367785556973,-0.07046615818617633,-0.07289472961474776
2022-06-30,22,0.039869643583637954,0.12947782370992375,0.625,0.7142857142857142,-0.039919403745103846,-0.12213454091126824,0.0822151371661644,0.07882228002330725
2022-07-31,22,0.032935588557130746,0.07218515311546828,0.625,0.4285714285714285,0.12095922573866141,0.20137913643336658,-0.08041991069470517,-0.08312229164708612
2022-08-31,22,0.03180368190053734,0.09293973539102884,0.625,0.42857142857142855,-0.0491892087478535,-0.11860137112612568,0.06941216237827218,0.06691811475922456
2022-09-30,22,0.029363440551407105,0.08324147166342774,0.25,0.5714285714285714,-0.11413808714524028,-0.16913221360583813,0.054994126460597856,0.05266674550821691
2022-10-31,22,0.024673728026173347,0.05004406650976678,0.375,0.7142857142857142,0.055082405977590884,0.1620530992803891,-0.10697069330279822,-0.10965521711232204
2022-11-30,22,0.03278568428464462,0.07517043484927109,0.25,0.7142857142857142,0.06301824286224827,0.10062569534039918,-0.03760745247815091,-0.04022054771624614
2022-12-31,22,0.03639317736880357,0.10297490573897337,0.25,0.5714285714285713,0.002959386502523531,0.004722475483908787,-0.0017630889813852555,-0.003882136600432874
2023-01-31,22,0.02088047316082184,0.05401118725627157,0.25,0.4285714285714285,0.011327866178585569,0.005943656015504919,0.00538421016308065,0.003342543496413983
2023-02-28,22,0.02266730853263188,0.06825200915405714,0.125,0.14285714285714285,0.0333387856802345,-0.01633799413504197,0.049676779815276476,0.0485458274343241
2023-03-31,22,0.02597998059239287,0.08241813705607158,0.125,0.4285714285714285,0.021337826214108555,0.007848426260123878,0.013489399953984677,0.011787019001603725
2023-04-30,22,0.02599771460899436,0.06345547413901155,0.375,0.5714285714285713,0.025247488961219325,0.03695881361052322,-0.011711324649303897,-0.01434822941120866
2023-05-31,23,0.025552690607418466,0.06631920185128387,0.625,0.4999999999999999,-0.024419045245811663,-0.005576650508150149,-0.018842394737661514,-0.02169135307099485
2023-06-30,23,0.01952433994378966,0.06899221650230558,0.5,0.625,0.029102971487229193,0.009652376022125389,0.019450595465103804,0.016523512131770467
2023-07-31,23,0.020821884340149144,0.050341603628163784,0.375,0.625,-0.0037779792930950074,-0.019953740846792647,0.01617576155369764,0.01362888655369764
2023-08-31,23,0.01848909906378024,0.03975037642050808,0.5,0.625,-0.06602053470522162,-0.05279231122603402,-0.013228223479187604,-0.01620739014585427
2023-09-30,23,0.017706754910116723,0.06233034346503827,0.5,0.375,-0.012755482157276607,-0.015292017145822567,0.0025365349885459604,5.284988545960407e-06
2023-10-31,23,0.018068730440644692,0.051978582330156314,0.25,0.5,-0.02078766478118367,-0.10035130179757737,0.0795636370163937,0.07738655368306037
2023-11-30,23,0.024108908973230397,0.07528958581079126,0.625,0.5,0.029773447045771936,0.16645286408391702,-0.13667941703814507,-0.13937212537147842
2023-12-31,23,0.025989489304511698,0.08653562505338547,0.625,0.375,0.028984992570332754,0.07516108077938922,-0.04617608820905647,-0.048722963209056475
2024-01-31,23,0.016457604935611908,0.06493275642868446,0.25,0.625,0.032485842027162704,0.021635114328971583,0.01085072769819112,0.00855385269819112
2024-02-29,23,0.024063805238015323,0.06016075271910515,0.75,0.375,0.03863584425799553,-0.031094636457213734,0.06973048071520926,0.06675131404854259
2024-03-31,23,0.021669878440673584,0.07159958086758283,0.75,0.875,-0.010972953426868354,0.041889999802443026,-0.05286295322931138,-0.05642545322931138
2024-04-30,23,0.019366726912812687,0.04943520765060466,0.5,0.75,0.016477553615734622,-0.014864153236251038,0.03134170685198566,0.028398998518652328
2024-05-31,23,0.019621097482022315,0.0677139343887384,0.5,0.5,0.02421368911026006,0.1440071076346791,-0.11979341852441905,-0.12234029352441905
2024-06-30,23,0.024749649383853184,0.0880301248618609,0.5,0.5,-0.03039359333663083,-0.04039845622069456,0.010004862884063728,0.007327779550730395
2024-07-31,23,0.021229765908168774,0.05941899642068474,0.625,0.75,0.04214266986677154,0.016228011716563823,0.025914658150207714,0.022487574816874384
2024-08-31,25,0.02242464495969397,0.05600727498683869,0.6666666666666666,0.75,0.007340781088971034,-0.007407504423440223,0.014748285512411256,0.011237868845744589
2024-09-30,25,0.02017954273790343,0.06520096728330682,0.33333333333333337,0.5,-0.020173926966503924,-0.06050220293695059,0.040328275970446664,0.03785431763711333
2024-10-31,25,0.019522385743522372,0.05122613859875649,0.33333333333333337,0.625,-0.030871018479836407,-0.05196218126777925,0.021091162787942846,0.01886199612127618
2024-11-30,25,0.01966065610427761,0.055091713304897316,0.5555555555555557,0.5,-0.033249798981556056,-0.006102723173777108,-0.027147075807778948,-0.02988318691889006
2024-12-31,25,0.02339843870671923,0.05825282652487809,0.7777777777777777,0.625,0.004474778192505104,-0.029103772876892434,0.03357855106939754,0.030095912180508652
2025-01-31,25,0.015050879389006708,0.048185164818906084,0.5555555555555556,0.5,-0.004330257004083897,0.013012075055678751,-0.017342332059762648,-0.019896151504207094
2025-02-28,25,0.022149193898753496,0.07812058891721838,0.33333333333333337,0.375,0.07107774592600402,-0.031404141285664156,0.10248188721166818,0.10064855387833485
2025-03-31,25,0.02494138958488068,0.09680405864818581,0.4444444444444444,0.75,-0.0680490469757338,-0.046198954352241584,-0.021850092623492218,-0.024785856512381105
2025-04-30,25,0.02279277972912166,0.11204777124234946,0.44444444444444453,0.5,0.008705314159194916,-0.023521605145756935,0.03222691930495185,0.029739072082729627
2025-05-31,25,0.040334623298829926,0.0812625361282488,0.33333333333333337,0.375,0.04504743960469068,0.03494229665239296,0.010105142952297724,0.008011392952297724
2025-06-30,25,0.026830918343185677,0.09748310007576572,0.2222222222222222,0.375,-0.037769675790589256,-0.044942321130482896,0.007172645339893639,0.005483409228782528
2025-07-31,25,0.02073779239659812,0.053314350132784405,0.33333333333333337,0.5,-0.014111831265645167,0.04547454318364541,-0.059586374449290574,-0.06193012444929057
2025-08-31,24,0.016144089574183562,0.08328486007115482,0.5555555555555555,0.375,-0.022606443028594922,0.062099262879372646,-0.08470570590796757,-0.08693140035241201
2025-09-30,24,0.02125961644526389,0.09307585738665136,0.375,0.25,-0.0015758011397880023,-0.0747860321614016,0.0732102310216136,0.07159564768828026
2025-10-31,24,0.015821086749710694,0.05006228836484633,0.625,0.5,0.03895007624606256,-0.001112762742794926,0.040062838988857485,0.037396172322190814
2025-11-30,24,0.020681735354315223,0.06887780088011605,0.625,0.625,0.01970985386562167,-0.01781589896963398,0.03752575283525565,0.03447887783525565
2025-12-31,24,0.02145997560255508,0.08790041741437524,0.375,0.375,0.07593991006571554,0.0005930250723826525,0.07534688499333289,0.0735343849933329
2026-01-31,24,0.018561681373024108,0.050360391285973805,0.375,0.375,-0.0005663763747703054,0.07056021565748863,-0.07112659203225893,-0.0731213836989256
2026-02-28,24,0.0264609591233049,0.06588936001770704,0.5,0.25,-0.011088180644618431,-0.0788124007251245,0.06772422008050608,0.06578151174717274
2026-03-31,24,0.024945101832118094,0.05934667087164777,0.5,0.75,-0.030926400218024577,-0.02827497824623859,-0.002651421971785986,-0.005620171971785987
2026-04-30,24,0.02184640709940372,0.09207060567002376,0.5,0.5,-0.011065578693137249,0.027667119815863533,-0.03873269850900078,-0.041045198509000784
2026-05-31,24,0.02279027250545737,0.05907225966052004,0.5,0.5,0.016282843039486142,0.0974925550823925,-0.08120971204290636,-0.08386075370957304
2026-06-30,24,0.023869977201579795,0.08139549507762803,0.625,0.375,0.0019156793759788487,0.007858981359541259,-0.00594330198356241,-0.008464135316895743
2026-07-31,24,0.02298653014033039,0.0661294861470188,0.5,0.75,0.049454281524776905,0.04349617675875221,0.005958104766024694,0.003197688099358027
2026-08-31,24,0.027090051798736525,0.05718440693762217,0.625,0.375,0.03319488537415066,0.0906940800627701,-0.05749919468861944,-0.05999398635528611
