month,n,max_low,max_high,to_low,to_high,Q1,Q10,ls_gross,ls_net
2013-02-28,895,0.013500719870310743,0.07890672071005408,0.6888888888888889,0.7666666666666666,0.0038563475892756218,-0.01843403284593764,0.02229038043521326,0.018594547101879928
2013-03-31,896,0.011591832050046314,0.07971934717257638,0.7111111111111111,0.8444444444444443,0.027895068275964146,0.01134486030591679,0.016550207970047356,0.012693726488565874
2013-04-30,890,0.011596221087607399,0.07023821570929743,0.6333333333333333,0.7333333333333334,0.028426495637944273,0.04433510578166103,-0.015908610143716754,-0.019423778683042597
2013-05-31,898,0.014386891979497766,0.09653165626887744,0.7222222222222223,0.711111111111111,-0.00811025517974274,0.015369017091811947,-0.023479272271554687,-0.027112142641925057
2013-06-30,899,0.011462603046685378,0.08013124106531555,0.6555555555555554,0.7777777777777779,0.0005272351659117261,-0.04171182411793384,0.04223905928384556,0.038819151876438154
2013-07-31,893,0.01360735256099845,0.058702091186965503,0.7666666666666666,0.7555555555555555,0.04821753033467798,0.08412465006652871,-0.03590711973185073,-0.039715453065184064
2013-08-31,897,0.014362718124921766,0.0875911910810908,0.7333333333333334,0.7333333333333333,-0.0270475303135342,0.0164792956997409,-0.043526826013275094,-0.047256455642904725
2013-09-30,893,0.009666750191623108,0.08748690853881301,0.6666666666666666,0.7444444444444445,0.037070148799405386,0.06960329299289479,-0.032533144193489405,-0.036015088637933845
2013-10-31,898,0.012147878385987925,0.06877108240016375,0.6888888888888889,0.7666666666666665,0.0375574634851373,0.043193808685475996,-0.005636345200338698,-0.009339122978116475
2013-11-30,902,0.015506462868594873,0.07979659836023183,0.7582417582417582,0.7582417582417582,0.013129924050278042,0.03541296354468818,-0.022283039494410142,-0.02609668418305483
2013-12-31,892,0.01041244711277632,0.07618110573264247,0.7032967032967034,0.7362637362637362,0.01841862689608612,0.019637799470292056,-0.0012191725742059373,-0.00480199715703052
2014-01-31,897,0.011791754760957932,0.0694868716646939,0.6666666666666666,0.7333333333333333,-0.029026545769664028,-0.004828914554182613,-0.024197631215481415,-0.027824020104370305
2014-02-28,899,0.010820674291474677,0.08161471552543555,0.7666666666666666,0.7777777777777778,0.04408377373044247,0.0950687051404423,-0.05098493140999983,-0.05465946844703687
2014-03-31,899,0.013222869601327725,0.08790462676141225,0.7222222222222222,0.7555555555555554,0.012867897286432757,-0.01630186344990733,0.02916976073634009,0.025547538514117868
2014-04-30,902,0.012190294226058655,0.0629799628732454,0.6813186813186813,0.8131868131868132,0.016815250410597213,-0.01467170619164545,0.03148695660224266,0.02777450238978845
2014-05-31,902,0.011340758206999561,0.07645414888643204,0.6923076923076923,0.7802197802197803,0.020392902375511647,0.017178832515732056,0.0032140698597795912,-0.00037887885816912704
2014-06-30,896,0.010435250513664594,0.07545830899183704,0.7472527472527473,0.7582417582417582,0.009893298106999734,0.010314049158784597,-0.0004207510517848633,-0.0040451659886998
2014-07-31,902,0.008701729481948178,0.07196473396403054,0.7252747252747254,0.7472527472527472,-0.01804706238309561,-0.02464645146589613,0.0065993890828005206,0.002894260877672315
2014-08-31,903,0.008876017118680628,0.08332879105737147,0.6813186813186815,0.7912087912087913,0.027923046968455024,0.015692314729007607,0.012230732239447418,0.00856223407094925
2014-09-30,901,0.01021386011561747,0.06675451951524977,0.6593406593406592,0.8021978021978022,-0.022165524607088195,-0.04541358455939162,0.02324805995230343,0.019600445992189467
2014-10-31,907,0.008484719330739528,0.05447188872335602,0.7252747252747253,0.7582417582417581,0.016779829377275762,-0.004490865609587631,0.021270694986863393,0.017580218796387204
2014-11-30,915,0.01597140907312269,0.08082721780054354,0.75,0.8152173913043478,0.026730241779625546,0.04467822494076016,-0.017947983161134613,-0.02173964982780128
2014-12-31,907,0.009745022880921873,0.08241365449850967,0.6956521739130435,0.7934782608695652,0.007954695096985412,-0.01564921292607236,0.02360390802305777,0.019904493307338705
2015-01-31,916,0.014521287790966467,0.07335113598557068,0.7065217391304348,0.7499999999999999,-0.003245631401392271,-0.017873579736882604,0.014627948335490333,0.010990267176070044
2015-02-28,909,0.014171041281162696,0.0783160833495678,0.7717391304347827,0.6956521739130435,0.03297641050840843,0.08281198181184864,-0.049835571303440206,-0.053466324608106554
2015-03-31,907,0.013808407670217829,0.09231026598728373,0.7252747252747253,0.8461538461538463,-0.0005970598621004455,-0.023037637005796516,0.02244057714369607,0.01858114490926383
2015-04-30,914,0.014477056004265873,0.08027923411110777,0.782608695652174,0.75,0.014903810945978844,0.03039300190249326,-0.015489190956514416,-0.0192609300869492
2015-05-31,915,0.009896288457884015,0.07630213612967239,0.7934782608695652,0.7717391304347826,0.018798819039616742,-0.0059464865207437935,0.024745305560360534,0.02096722585021561
2015-06-30,891,0.01224320858952053,0.07462708919384055,0.75,0.8369565217391305,-0.018721037942863037,-0.015096365519204541,-0.003624672423658496,-0.0074797652424176565
2015-07-31,918,0.010926959768379225,0.07129219712552713,0.7608695652173914,0.7934782608695652,0.012437432930460818,-0.01064823715265664,0.02308567008311746,0.019351974430943546
2015-08-31,913,0.013722422183890722,0.08457263111318258,0.782608695652174,0.8152173913043479,-0.049447061246890175,-0.04554980028968703,-0.0038972609572031428,-0.007792641391985752
2015-09-30,918,0.01591896904032369,0.09187287249019362,0.826086956521739,0.75,-0.0014073645635147105,-0.07273149335515215,0.07132412879163744,0.06746543313946352
2015-10-31,917,0.01642803978734646,0.08167840940496672,0.7717391304347826,0.7282608695652175,0.05923032950922263,0.06725451105831273,-0.008024181549090105,-0.011737496766481408
2015-11-30,912,0.01566300692216302,0.09863596935274642,0.7065217391304349,0.6847826086956523,-0.013701616005198104,-0.04138005952308842,0.02767844351789031,0.024182519604846832
2015-12-31,916,0.012517632118263056,0.08245086814648828,0.7282608695652175,0.7717391304347827,0.004214739934309299,-0.02344865271422989,0.02766339264853919,0.024042921634046435
2016-01-31,918,0.014549557037188323,0.09241020066464564,0.75,0.6956521739130436,-0.043571385032117785,-0.0704652155928298,0.026893830560712012,0.023194102299842447
2016-02-29,914,0.016649593716650774,0.09769798435509493,0.782608695652174,0.6304347826086958,-0.0013559735947439471,0.010054781356483565,-0.011410754951227512,-0.01498186002369128
2016-03-31,922,0.017758753986700397,0.11395596949562291,0.7096774193548387,0.6774193548387097,0.05457354598235181,0.10978167648048491,-0.0552081304981331,-0.058703650211394745
2016-04-30,922,0.016029266784572876,0.10136799728081855,0.6129032258064517,0.5913978494623657,-0.008357123758658458,0.09052251629557528,-0.09887964005423375,-0.1019938873660617
2016-05-31,928,0.011874310651815734,0.08923253453073433,0.6666666666666667,0.5913978494623657,0.015607831602056789,-0.03564424153463155,0.051252073136688336,0.04811542439116862
2016-06-30,933,0.013043445792534566,0.0769530019993421,0.7340425531914895,0.6808510638297873,0.011639251230182114,-0.06321211142894695,0.07485136265912906,0.07137441230451913
2016-07-31,934,0.017902778717383164,0.09490213357241592,0.6808510638297871,0.7234042553191489,0.027351654389516457,0.07512657417800034,-0.04777491978848388,-0.051235026171462604
2016-08-31,929,0.012062763022599744,0.09702345572647207,0.7021276595744682,0.6595744680851066,-0.008524914803707744,0.03435606949627429,-0.042880984299982036,-0.04635035629723667
2016-09-30,942,0.009305042009447043,0.08145481672682116,0.7473684210526317,0.7789473684210528,-0.0003195442280658898,0.017284792771973877,-0.017604337000039768,-0.02142889840354854
2016-10-31,941,0.012962790169457068,0.06975400261008569,0.7684210526315791,0.7473684210526316,-0.026961147862760493,-0.0221533108653392,-0.004807836997421294,-0.008592962044080495
2016-11-30,940,0.010073755798644609,0.08192234999012654,0.7473684210526315,0.7872340425531915,0.006650039321258349,0.03142050474991193,-0.024770465428653583,-0.028542241277851047
2016-12-31,945,0.013986015251992936,0.1061614176052639,0.7894736842105263,0.8421052631578948,0.030818078311820873,0.009338226134640012,0.02147985217718086,0.0175960802473563
2017-01-31,940,0.012593457559982136,0.0758175179623204,0.7157894736842105,0.7473684210526317,0.016717865108946708,0.04819834309729361,-0.0314804779883469,-0.03510049945157945
2017-02-28,947,0.011244894979317752,0.07847448072588852,0.7157894736842105,0.7789473684210527,0.03872068236389065,0.01573867829635952,0.022982004067531134,0.019360951435952185
2017-03-31,949,0.009827345150134309,0.07429432732873863,0.8105263157894739,0.8842105263157898,0.022707994083269026,0.01837567762402889,0.004332316459240135,0.0002081936522225898
2017-04-30,951,0.010315005129324274,0.07141454376119366,0.7916666666666667,0.8526315789473686,0.02661201287685155,0.0377617846610718,-0.01114977178422025,-0.015131350731588672
2017-05-31,942,0.009871290085087853,0.07803199414399169,0.7395833333333334,0.7894736842105265,0.019131970905514925,0.026748385364851867,-0.007616414459336942,-0.011325844283898346
2017-06-30,948,0.01023003454735412,0.08024312146892486,0.673684210526316,0.8736842105263161,0.008761792467212325,-0.008068418891126137,0.01683021135833846,0.01306661486711039
2017-07-31,956,0.010160765082017286,0.06368049576615142,0.7083333333333335,0.8125000000000002,0.0227065380314635,0.04509173481275323,-0.022385196781289727,-0.026253686364623063
2017-08-31,952,0.010382732245811778,0.06654331168491263,0.6354166666666665,0.7395833333333333,0.003929220543583406,-0.007623041499860042,0.011552262043443447,0.008129518987887894
2017-09-30,951,0.008851560446396263,0.07205083565916626,0.7291666666666666,0.7916666666666667,0.016488879257122873,0.021738693287115782,-0.005249814029992909,-0.00888139297736133
2017-10-31,945,0.009756893052221037,0.06041529440178036,0.71875,0.7368421052631581,0.006436571631020845,0.01464972493886345,-0.008213153307842605,-0.011766881378018044
2017-11-30,959,0.009718647864126087,0.07348544204793755,0.6979166666666667,0.8125000000000002,0.02074875969500608,0.01920657487970043,0.001542184815305648,-0.0021730929624721304
2017-12-31,964,0.012245936445884129,0.08713734368116083,0.7731958762886597,0.8969072164948453,0.0050978467864274055,0.024851616136478842,-0.019753769350051437,-0.02378340852530917
2018-01-31,954,0.009635849250110594,0.058818773961875646,0.7422680412371134,0.7938144329896907,0.02876654133787704,0.04601653504117152,-0.017249993703294483,-0.020962349623970315
2018-02-28,965,0.012810873616850588,0.07767092406562687,0.7319587628865978,0.7938144329896906,-0.03610597653636779,-0.019345504806051465,-0.016760471730316324,-0.02045420025265309
2018-03-31,966,0.014638990931437142,0.08497024546572693,0.7628865979381443,0.8041237113402061,-0.005170966610869987,-0.010017596198591718,0.0048466295877217305,0.0011004955671031743
2018-04-30,958,0.013000399244341617,0.07600954309024646,0.6597938144329897,0.7628865979381443,0.021600535060386006,0.02276068164774351,-0.0011601465873575037,-0.00465220880098866
2018-05-31,965,0.012119429327125167,0.08024927404288525,0.7113402061855669,0.8144329896907214,-0.032406929755320696,0.010417224598627083,-0.04282415435394778,-0.04643626775600963
2018-06-30,962,0.011399925977970553,0.07580162612356582,0.7113402061855669,0.8762886597938144,0.004189359505405967,-0.0011638148691567683,0.0053531743745627355,0.0015421778109888525
2018-07-31,955,0.011940629441572826,0.06666155531200203,0.8041237113402061,0.7938144329896907,0.04030182671328774,0.022997787632518276,0.017304039080769464,0.013415888486554114
2018-08-31,964,0.012391971435223229,0.08301445388627392,0.7938144329896907,0.9175257731958764,0.0114778726378445,-0.005176578688819303,0.0166544513266638,0.012568111120478233
2018-09-30,970,0.01072127604298829,0.0744048859236807,0.8041237113402061,0.8969072164948455,0.004531658888536948,0.005081604909515554,-0.000549946020978606,-0.004643588632662454
2018-10-31,962,0.010662563259656678,0.06111398014877833,0.7835051546391751,0.7938144329896907,-0.04840645451076793,-0.09445719693696747,0.04605074242619954,0.04220237472860504
2018-11-30,966,0.015727253658715402,0.09514414863193009,0.7938144329896907,0.8453608247422681,0.012592525092380295,-0.011897826680336353,0.024490351772716648,0.02046457857684036
2018-12-31,965,0.016575344690006197,0.1031596411428431,0.7628865979381443,0.8247422680412372,-0.04985661311173727,-0.07041501505292448,0.02055840194118721,0.016695858985860748
2019-01-31,948,0.017678247944242814,0.08224523047915752,0.7113402061855671,0.7422680412371134,0.06614896819714752,0.11953250831719354,-0.05338354012004602,-0.05695523029910191
2019-02-28,966,0.01756005878054401,0.09771630554232126,0.6907216494845361,0.7835051546391754,0.02243707318610793,0.036903408675010636,-0.014466335488902707,-0.017921661949383806
2019-03-31,970,0.012143622214020145,0.0828567882989468,0.6907216494845361,0.8969072164948455,0.018079892091800106,0.004084019200395674,0.013995872891404432,0.010148364300339139
2019-04-30,962,0.011999318308913766,0.07255101078461927,0.6907216494845361,0.8556701030927836,0.03074487554447844,0.0359024351885464,-0.005157559644067958,-0.00907293765094081
2019-05-31,969,0.013215338663879935,0.08504245073668214,0.8247422680412371,0.865979381443299,-0.02268639297165053,-0.1002178842165509,0.07753149124490036,0.07350357028270105
2019-06-30,970,0.011334838805409302,0.07675357571429588,0.7938144329896907,0.8350515463917526,0.05055838255825383,0.04564148222946155,0.00491690032879228,0.0010019518751840325
2019-07-31,937,0.014369905737091796,0.07038888132041043,0.7835051546391754,0.7525773195876289,-0.0030453655374860504,-0.020567635940689583,0.017522270403203533,0.013725371412196732
2019-08-31,974,0.01037548536376657,0.07868004316928,0.8061224489795918,0.8571428571428572,-0.00942718599885396,-0.0295742585348791,0.020147072536025136,0.016123263012215613
2019-09-30,970,0.014443739753915686,0.08842516801160734,0.7142857142857142,0.8265306122448979,0.04519880727386921,0.01441657630353796,0.030782230970331254,0.02700686979493326
2019-10-31,980,0.014014024472656825,0.07407674418417147,0.7346938775510203,0.8061224489795918,0.014751284232079222,0.04061398227371616,-0.02586269804163694,-0.02966286810966415
2019-11-30,981,0.014563082951273629,0.11942783514827487,0.6868686868686866,0.7448979591836734,0.004572263242976602,0.04829084495362127,-0.04371858171064467,-0.04717947894832762
2019-12-31,975,0.011986771052175943,0.08966357371234109,0.8383838383838382,0.8775510204081631,0.035450194152184894,0.04564574341130288,-0.01019554925911799,-0.014418235303232604
2020-01-31,981,0.010645161859062549,0.09668807796013551,0.7474747474747474,0.8775510204081631,0.013841034118937836,-0.025824854904777796,0.03966588902371563,0.0358078442906709
2020-02-29,986,0.01067164079718695,0.07533009600398236,0.8181818181818181,0.7474747474747474,-0.10015286430610511,-0.10387002450775444,0.0037171602016493333,-7.071858622945462e-05
2020-03-31,980,0.012277602711188038,0.09776154316540082,0.7979797979797979,0.909090909090909,-0.13095775442363108,-0.22480240569792043,0.09384465127428934,0.08969283979212073
2020-04-30,986,0.06596913702700696,0.2702494188919155,0.8686868686868686,0.8686868686868686,0.09317955929646192,0.18824197553223515,-0.09506241623577323,-0.09938522768358468
2020-05-31,999,0.037484186662153786,0.1724992953022127,0.6600000000000001,0.57,0.05564796870981565,0.05027332627779347,0.005374642432022181,0.0021771424320221806
2020-06-30,963,0.027937454664799855,0.147861513455449,0.73,0.5999999999999999,0.008614523485803683,0.030907612762210677,-0.022293089276406997,-0.025779979310771257
2020-07-31,993,0.023053336339382113,0.1239875737662927,0.66,0.65,0.07235613315546288,-0.007142431572996171,0.07949856472845905,0.07614523139512572
2020-08-31,1003,0.020657074906498242,0.1092608037812228,0.7227722772277227,0.7425742574257426,0.031496664481192725,0.08784401338785995,-0.056347348906667226,-0.06005568224000056
2020-09-30,1004,0.016061367116696968,0.10427883689382572,0.6831683168316831,0.7326732673267327,-0.02711099055003301,-0.06154413691960466,0.03443314636957165,0.03087539059399409
2020-10-31,1001,0.019556071227656506,0.10463193005789845,0.6435643564356437,0.7128712871287128,-0.03269807611082056,-0.016553373638703045,-0.016144702472117516,-0.019540907092579562
2020-11-30,998,0.015759830210775868,0.09858120921572536,0.7623762376237624,0.78,0.10139484679406655,0.27222338265927437,-0.17082853586520783,-0.1746216216737887
2020-12-31,1003,0.024192195695724797,0.21462285086737004,0.6633663366336633,0.7227722772277227,0.026669418973820906,0.05952563968851613,-0.032856220714695225,-0.036325692661889945
2021-01-31,1005,0.015298923193030573,0.09782021122237844,0.7128712871287128,0.7029702970297029,-0.017348231385376625,-0.007739509460258407,-0.009608721925118219,-0.013145850637989506
2021-02-28,1001,0.014962262008490606,0.09878283987192013,0.7920792079207921,0.7722772277227723,0.007592189062826225,0.0839561844033634,-0.07636399534053717,-0.0800927082118243
2021-03-31,1001,0.01526053479553496,0.09576345165995238,0.7029702970297029,0.75,0.05860478920718541,0.0009230957298839006,0.05768169347730151,0.054229919549908766
2021-04-30,1013,0.01917127755272395,0.09547287579601609,0.7058823529411764,0.7352941176470589,0.04632217975189807,0.02834919562060016,0.01797298413129791,0.014377804392735819
2021-05-31,1017,0.014235857267744543,0.08233581587284108,0.784313725490196,0.6862745098039215,0.01840321438979918,0.022003598457589032,-0.0036003840677898517,-0.00722987753184214
2021-06-30,1010,0.01540867179899598,0.07901100625743936,0.8529411764705881,0.7254901960784313,-0.014961225393208908,-0.006074703936320319,-0.008886521456888589,-0.01273026539010544
2021-07-31,1014,0.012202616266403893,0.0656587360035348,0.696078431372549,0.7156862745098039,0.019008779446974485,-0.006684167566634428,0.025692947013608913,0.022250545052824602
2021-08-31,1020,0.0138077770172393,0.07545379074712383,0.7843137254901958,0.7941176470588234,0.0156146178633824,0.03855907329255562,-0.02294445542917322,-0.02678555020041505
2021-09-30,1026,0.011153575914918265,0.08302165228379996,0.7475728155339805,0.7475728155339805,-0.05334091319850956,-0.026594785637796353,-0.026746127560713207,-0.03046052885521159
2021-10-31,1023,0.011648652108300798,0.06760480261527958,0.7087378640776697,0.728155339805825,0.04480511344510878,0.02874454677012065,0.016060566674988126,0.012543576383725991
2021-11-30,1029,0.015368921333656964,0.08031112187635697,0.757281553398058,0.8058252427184464,-0.03190535102531324,-0.04662041765439987,0.014715066629086629,0.011000260803843911
2021-12-31,1036,0.012843695419000906,0.0936025474470586,0.7788461538461537,0.7115384615384615,0.059769736689509745,0.03847906242129436,0.021290674268215383,0.01773899157590769
2022-01-31,1035,0.01846171035231061,0.08796902083791586,0.8076923076923075,0.6923076923076923,-0.023165483030304374,-0.08748247968332398,0.06431699665301961,0.0607260511401991
2022-02-28,1041,0.0160269881275288,0.09360502556576257,0.7523809523809523,0.673076923076923,-0.029229317195110783,-0.019081246397303298,-0.010148070797807485,-0.013575909625646313
2022-03-31,1041,0.020953694548274025,0.11475826330344073,0.7714285714285714,0.7403846153846153,0.02310449411714397,0.017130144181871802,0.005974349935272169,0.0022435921513893854
2022-04-30,1042,0.022203466127857667,0.1357530715377603,0.7619047619047619,0.6952380952380952,-0.027064784471896277,-0.10228660827799747,0.07522182380610119,0.07170833174260913
2022-05-31,1042,0.014620908359499075,0.08693865699916899,0.8666666666666665,0.7333333333333332,0.008257679013451372,-0.008443929464944287,0.01670160847839566,0.012827005303792485
2022-06-30,1051,0.021569665713117976,0.11869925101483689,0.811320754716981,0.7142857142857142,-0.056049402786147486,-0.13762301374059058,0.0815736109544431,0.07778827103231072
2022-07-31,1048,0.020901822451166993,0.08809799136019743,0.6886792452830188,0.6666666666666666,0.037399292949680626,0.125624667368601,-0.08822537441892038,-0.09169598687774039
2022-08-31,1048,0.020275178252254486,0.10340600244911695,0.7238095238095237,0.7142857142857142,-0.028847241290043187,-0.05725631252161084,0.028409071231567655,0.024923753771250196
2022-09-30,1052,0.015206761958506182,0.08933779700322828,0.6603773584905659,0.7358490566037734,-0.09229274589067776,-0.134936370346138,0.042643624455460244,0.0391593477259005
2022-10-31,1056,0.018434792819019517,0.08666739251454454,0.660377358490566,0.7452830188679245,0.09183589991599536,0.09924780805120613,-0.007411908135210768,-0.010814816940242214
2022-11-30,1058,0.028837250858472246,0.11063264710710688,0.6698113207547169,0.7075471698113207,0.06134101959658523,0.1223632604137377,-0.06102224081715247,-0.06439213075425938
2022-12-31,1061,0.023956756828057167,0.14452710150896986,0.6635514018691588,0.7830188679245282,-0.01906610164876331,-0.05318929913030188,0.034123197481538574,0.03047140914320906
2023-01-31,1055,0.014920762520662115,0.07654823633769217,0.5700934579439252,0.6981132075471698,0.03129917842119294,0.10148710255353259,-0.07018792413233965,-0.07336112991615203
2023-02-28,1068,0.01783573903266268,0.08342289137862004,0.8598130841121494,0.6915887850467288,-0.016214464538206803,-0.007001581901427502,-0.009212882636779302,-0.012932898213103288
2023-03-31,1067,0.01382506327557305,0.10316919278693393,0.7850467289719626,0.7476635514018691,-0.0021206565376780014,0.005971233553490366,-0.008091890091168367,-0.011735581679953415
2023-04-30,1068,0.018349729951027068,0.08244857121041685,0.7289719626168224,0.7757009345794392,0.035928183327809525,0.008245308896230695,0.02768287443157883,0.024069946082669172
2023-05-31,1074,0.014280937581257105,0.0788152485118613,0.6851851851851851,0.8055555555555556,-0.025511519791185835,-0.038197940274449504,0.012686420483263669,0.00897963035980688
2023-06-30,1055,0.01125553627444063,0.09257051836883524,0.7777777777777777,0.8055555555555555,0.03871116414614465,0.08205171279964561,-0.04334054865350096,-0.047169558087463224
2023-07-31,1078,0.01609568527378191,0.0747264190243542,0.6481481481481481,0.8055555555555556,0.01832633702827732,0.0677276124353711,-0.049401275407093784,-0.05305906861697033
2023-08-31,1080,0.014935570101595538,0.08730353463063396,0.7592592592592593,0.7962962962962963,-0.028401878351292275,-0.049999549619768296,0.02159767126847602,0.0178441990462538
2023-09-30,1083,0.011572215444876677,0.07694264852661949,0.7247706422018347,0.7798165137614679,-0.03855887969853041,-0.05659622808480304,0.018037348386272627,0.014395528814407184
2023-10-31,1078,0.01063739288848654,0.06990622140214071,0.7981651376146789,0.7889908256880733,-0.025063123992016045,-0.059968742315616524,0.03490561832360048,0.031087016273538184
2023-11-30,1085,0.015139656097052675,0.08511780015990146,0.7798165137614679,0.7247706422018348,0.08918468981680698,0.12478730276483735,-0.03560261294803037,-0.03922340805506401
2023-12-31,1088,0.018245194474831552,0.11623742497934106,0.834862385321101,0.7981651376146789,0.023225385919308193,0.10871047253697508,-0.08548508661766688,-0.0894678847828045
2024-01-31,1080,0.013775103923057029,0.103141702653884,0.6605504587155964,0.6788990825688073,0.018438167827671624,-0.038379220990355095,0.05681738881802672,0.05346140640212458
2024-02-29,1091,0.012918044681785236,0.08354258501928763,0.8181818181818181,0.7798165137614679,0.012202252378447338,0.051195002036241374,-0.038992749657794035,-0.04274876161220048
2024-03-31,1091,0.013076189303080592,0.11492420549067325,0.7363636363636363,0.7889908256880734,0.030354685702260256,0.0525211111955622,-0.022166425493301944,-0.025878449402114843
2024-04-30,1083,0.012594132140716384,0.09362281387462458,0.7000000000000001,0.8165137614678898,-0.012309615676298557,-0.014597903493764263,0.002288287817465706,-0.001371651020454783
2024-05-31,1092,0.012649641585836742,0.08699730910142815,0.7000000000000001,0.7454545454545455,0.019277830210322408,0.06246422083427739,-0.04318639062395498,-0.046666314866379226
2024-06-30,1090,0.01391238124434473,0.10011611548339523,0.7727272727272727,0.7909090909090909,-0.01421188084025705,-0.02092656135873929,0.006714680518482242,0.0028668420419740407
2024-07-31,1084,0.012427962727076318,0.07516590760512189,0.7981651376146789,0.7247706422018348,0.04955883716042388,0.027770844728139787,0.02178799243228409,0.018111386927696933
2024-08-31,1095,0.016446698625927538,0.09336209110684693,0.7909090909090909,0.7363636363636363,0.03628389172395262,0.019235013782801853,0.017048877941150765,0.013388271880544703
2024-09-30,1090,0.01511812655068064,0.09041133272471809,0.8272727272727274,0.7818181818181819,0.013412389197998713,0.032271086058975273,-0.018858696860976562,-0.02270952393909722
2024-10-31,1097,0.013151795920755048,0.08857316567274517,0.7909090909090909,0.7181818181818183,-0.03857916649418489,-0.02217506398492412,-0.016404102509260773,-0.02002076917592744
2024-11-30,1098,0.011059229626121533,0.09512836835135373,0.7363636363636363,0.8181818181818183,0.006214649736630811,0.0493248173766812,-0.04311016764005039,-0.046832894912777666
2024-12-31,1094,0.015389981428581749,0.12305344911603608,0.6909090909090909,0.8272727272727274,-0.03599642782802524,-0.05778063769558307,0.02178420986755783,0.01820807350392147
2025-01-31,1099,0.009893647254921404,0.08592348189047185,0.7909090909090909,0.790909090909091,0.03074483775633843,0.04634983191617413,-0.0156049941598357,-0.019435297190138732
2025-02-28,1104,0.017623350256101095,0.0915398179376854,0.7927927927927927,0.7297297297297298,0.01964788118683591,-0.02700164386125007,0.04664952504808598,0.04302827880183973
2025-03-31,1103,0.01371839114230534,0.10705166057190169,0.8018018018018018,0.810810810810811,-0.026424517141742793,-0.03653746835323066,0.010112951211487864,0.006307771031307683
2025-04-30,1105,0.01668030786506565,0.1078454661874262,0.6306306306306306,0.6936936936936938,0.0107585350314964,0.058261681596326415,-0.04750314656483001,-0.0507899333516168
2025-05-31,1112,0.02998025839409642,0.16061717233106876,0.8214285714285714,0.8482142857142856,0.01220462207532596,0.10587884697206354,-0.09367422489673757,-0.097610608825309
2025-06-30,1107,0.01542867579476477,0.10813535515770811,0.8660714285714285,0.625,0.025463016672562417,0.06809730226086623,-0.042634285588303816,-0.04626019721421544
2025-07-31,1109,0.013034734277315396,0.08985769863352407,0.7567567567567568,0.7927927927927929,-0.0159739166083069,0.02412849421339497,-0.040102410821701864,-0.04382838679767784
2025-08-31,1113,0.012565926326685153,0.11098781652090427,0.7232142857142856,0.8124999999999999,0.014989130213325416,0.03548768489183385,-0.020498554678508432,-0.02422474515469891
2025-09-30,1109,0.01443589905595468,0.08552925525829864,0.7053571428571428,0.8214285714285714,0.01006917044150422,0.026149684750735282,-0.01608051430923106,-0.01977222387594063
2025-10-31,1115,0.012755014968624074,0.09401406854590577,0.7678571428571428,0.7678571428571429,-0.009528558515047317,0.0347190769695134,-0.04424763548456072,-0.047932903341703574
2025-11-30,1123,0.012374232513895607,0.1137824705334229,0.6991150442477874,0.734513274336283,0.01920835463120289,0.015739386961300103,0.003468967669902786,-1.960165163113637e-05
2025-12-31,1118,0.014018844212571397,0.09700776506117988,0.7168141592920352,0.8318584070796458,0.01643202833878159,0.032554848314553325,-0.016122819975771734,-0.019772620465657954
2026-01-31,1123,0.011877663486735444,0.07738410603823231,0.7079646017699113,0.7433628318584069,0.03989680815517318,0.06822985439324647,-0.02833304623807329,-0.03184779550061016
2026-02-28,1123,0.01449978590890281,0.10440446775372692,0.752212389380531,0.663716814159292,0.032803428425565294,0.047963562030307244,-0.01516013360474195,-0.018519278147514813
2026-03-31,1121,0.015584767631168022,0.11212348186422742,0.6902654867256638,0.7522123893805308,-0.09427776686297949,-0.07844142104208215,-0.015836345820897338,-0.019344441454062108
2026-04-30,1128,0.014902041466993794,0.0980139050780371,0.8407079646017699,0.734513274336283,0.029697581268089204,0.1639646442325131,-0.13426706296442392,-0.1379964139968723
2026-05-31,1134,0.021312876424418602,0.11874106489872034,0.6842105263157895,0.6842105263157896,-0.012187272461538426,0.10696871300673763,-0.11915598546827606,-0.12238259365541057
2026-06-30,1105,0.015417264231666701,0.1376197337015506,0.7280701754385965,0.7192982456140351,0.013497786114484451,-0.01676771562757008,0.030265501742054533,0.026824593728778098
2026-07-31,1134,0.015990538844987846,0.11007323022665236,0.7017543859649122,0.5877192982456141,0.03644515662985813,-0.049154547919450814,0.08559970454930894,0.08245423671305163
2026-08-31,1144,0.017887120735759668,0.13014175962131413,0.6521739130434783,0.6434782608695653,0.011645267795195419,0.06019376805305861,-0.04854850025786319,-0.05170321040279073
