month,n_good,n_bad,to_good,to_bad,good,bad,ls_gross,ls_net
2013-02-28,6,5,0.49999999999999994,0.5,0.07540862835798226,0.06566338832098102,0.009745240037001238,0.007161906703667904
2013-03-31,6,5,0.6666666666666667,0.6000000000000001,0.014978161550770253,0.01426574160844165,0.0007124199423286029,-0.0024875800576713973
2013-04-30,6,5,0.49999999999999994,0.8,-0.02242912642410207,0.004165589373661009,-0.02659471579776308,-0.029861382464429747
2013-05-31,6,5,0.49999999999999994,0.6000000000000001,0.034023382954510725,0.1143096736924163,-0.08028629073790558,-0.08336129073790557
2013-06-30,6,5,0.8333333333333334,0.6000000000000001,-0.008097975666002899,-0.03874670193832222,0.03064872627231932,0.027282059605652654
2013-07-31,6,5,0.8333333333333334,0.8,0.07532203697309252,0.12312546853273423,-0.047803431559641715,-0.05144509822630838
2013-08-31,6,5,0.5,0.8,0.04076628084238198,-0.03670282016380568,0.07746910100618766,0.07428576767285432
2013-09-30,6,5,0.8333333333333334,1.0,0.08341097444626859,0.028426536564514954,0.05498443788175364,0.05073443788175364
2013-10-31,6,5,0.49999999999999994,0.8,0.04168866407825809,0.055735194899168186,-0.014046530820910098,-0.017229864154243435
2013-11-30,6,5,0.6666666666666667,0.8,0.03979441118356254,0.013939813022372106,0.025854598161190435,0.022546264827857102
2013-12-31,6,5,0.6666666666666666,0.8,0.028543061644897505,0.01440009849585684,0.014142963149040665,0.01070962981570733
2014-01-31,6,5,0.6666666666666667,0.8,0.023909204689071633,0.013813582124725077,0.010095622564346556,0.0062039558976798885
2014-02-28,6,5,0.6666666666666667,0.8,0.028280950666526396,0.11507210739788644,-0.08679115673136004,-0.09022449006469337
2014-03-31,6,5,0.3333333333333333,0.4,-0.0077741445241042255,-0.01589176208705998,0.008117617562955756,0.006359284229622422
2014-04-30,6,5,0.6666666666666667,0.8,0.010428586239041748,-0.008259101548200866,0.018687687787242613,0.015087687787242614
2014-05-31,6,5,0.6666666666666667,0.6000000000000001,0.05900090183941616,0.09314905131854703,-0.03414814947913087,-0.03734814947913087
2014-06-30,6,5,0.6666666666666667,0.6000000000000001,-0.0003648674848361613,-0.037265741840482855,0.03690087435564669,0.03399254102231336
2014-07-31,6,5,0.8333333333333334,0.8,-0.043461838955359655,-0.009691388437260518,-0.03377045051809914,-0.03770378385143248
2014-08-31,6,5,0.5,0.4,0.013031198517235588,-0.0391340080088342,0.05216520652606979,0.04999020652606979
2014-09-30,6,5,0.5,1.0,-0.016102814082754397,0.022086675616483364,-0.03818948969923776,-0.04185615636590443
2014-10-31,6,5,0.5,0.6000000000000001,-0.005846500840745023,0.03320643374951054,-0.039052934590255564,-0.042044601256922234
2014-11-30,7,6,0.5714285714285714,0.5,-0.02627074868988975,0.012309997381920066,-0.038580746071809814,-0.041313880992444735
2014-12-31,7,6,0.4285714285714285,0.49999999999999994,0.027743721530205705,0.03154074985675748,-0.0037970283265517726,-0.006244448961472407
2015-01-31,7,6,0.857142857142857,0.6666666666666666,0.0516871075034704,0.09101997940068388,-0.039332871897213476,-0.043213824278165856
2015-02-28,7,6,0.42857142857142855,0.6666666666666667,0.09536447229397696,0.08100157588112064,0.014362896412856319,0.01158214244460235
2015-03-31,7,6,0.5714285714285713,0.8333333333333334,0.014472545280634148,0.07126041642780145,-0.05678787114716731,-0.0601876727344689
2015-04-30,7,6,0.2857142857142857,0.3333333333333333,0.005910450196079688,-0.04471405624007115,0.05062450643615084,0.048865577864722266
2015-05-31,7,6,0.7142857142857142,1.0,0.030570531137680493,-0.00957331663562751,0.040143847773308004,0.03636805412251436
2015-06-30,7,6,0.5714285714285714,1.0,-0.02469441340217588,-0.023931010320176232,-0.0007634030819996494,-0.004427093558190126
2015-07-31,7,6,0.5714285714285713,0.6666666666666666,0.02944078659377252,0.04668783430640534,-0.017247047712632822,-0.020174627077712188
2015-08-31,7,6,0.5714285714285714,0.6666666666666666,-0.08727041842927301,-0.07799759529500369,-0.009272823134269317,-0.011957346943793126
2015-09-30,7,6,0.5714285714285713,1.0,-0.03633519325393998,-0.009780983347277674,-0.02655420990666231,-0.030704011493963897
2015-10-31,7,6,0.5714285714285714,0.5,0.03411972950220272,0.06285957256795674,-0.02873984306575402,-0.0314035335419445
2015-11-30,7,6,0.5714285714285713,0.49999999999999994,0.05591639480661373,0.10313932299309556,-0.04722292818648183,-0.04964356310711675
2015-12-31,7,6,0.7142857142857142,0.6666666666666666,-0.029197774735663255,-0.01327921706229427,-0.015918557673368985,-0.019270740213051522
2016-01-31,7,6,0.42857142857142855,0.5,-0.022579654291355333,-0.027409462393851204,0.004829808102495871,0.0025212763564641245
2016-02-29,7,6,0.7142857142857142,0.8333333333333334,0.0037553936062645343,0.0001520684419463545,0.00360332516431818,9.142040241341833e-05
2016-03-31,7,6,0.7142857142857142,0.6666666666666667,0.0412761803327219,0.024925027201019093,0.01635115313170281,0.013242026147575824
2016-04-30,7,6,0.7142857142857142,0.6666666666666667,0.047256738964535625,0.014832321152376222,0.032424417812159406,0.028829179716921314
2016-05-31,7,6,0.7142857142857142,0.6666666666666666,0.04655234753031707,0.01613615658933631,0.030416190940980758,0.02723761951240933
2016-06-30,7,6,0.7142857142857142,0.8333333333333334,-0.018661198372358623,-0.05797404517156122,0.03931284679920259,0.035766219815075606
2016-07-31,7,6,0.9999999999999998,0.8333333333333334,0.03761302945144364,0.042895029555145694,-0.005282000103702056,-0.009643111214813165
2016-08-31,7,6,0.7142857142857142,0.8333333333333334,0.021423640463539298,0.02217920810592463,-0.0007555676423853311,-0.004753583515401204
2016-09-30,7,6,0.5714285714285714,0.6666666666666667,-0.007313767758592461,-0.013944643577004404,0.006630875818411943,0.0035644075644436887
2016-10-31,7,6,0.7142857142857142,1.0,0.005943856147903762,-0.03474272260670488,0.04068657875460864,0.036667729548259434
2016-11-30,7,6,0.7142857142857142,1.0,-0.03863784349636694,-0.06628657470652966,0.027648731210162716,0.023699326448257955
2016-12-31,7,6,0.5714285714285714,0.8333333333333334,0.07578561700856455,0.04852902709473696,0.027256589913827595,0.023787343882081563
2017-01-31,7,6,0.5714285714285714,0.6666666666666667,0.06222935261177726,0.027592560204813966,0.034636792406963296,0.03157032415299504
2017-02-28,7,6,0.7142857142857142,0.8333333333333334,-0.002562039020134588,0.031111461423719382,-0.03367350044385397,-0.037115960761314286
2017-03-31,7,6,0.2857142857142857,0.6666666666666667,0.031555372839059105,0.03170702558384865,-0.00015165274478954466,-0.0027161368717736716
2017-04-30,7,6,0.7142857142857142,0.6666666666666666,0.0585051055753391,0.06945451067183353,-0.010949405096494433,-0.013989087636176973
2017-05-31,7,6,0.5714285714285714,0.8333333333333334,0.03999117354910776,0.03154135243139663,0.008449821117711129,0.004980575085965097
2017-06-30,7,6,0.857142857142857,0.49999999999999994,-0.004819750608376155,-0.025733401312584576,0.02091365070420842,0.01760908721214493
2017-07-31,7,6,0.5714285714285714,1.0,0.03542033955599085,0.017510688851010574,0.017909650704980278,0.013933460228789801
2017-08-31,7,6,0.5714285714285713,0.49999999999999994,0.035438622993376453,-0.04372822313994604,0.07916684613332249,0.07643371121268758
2017-09-30,7,6,0.857142857142857,1.0,-0.016970554414289123,0.019575762918903856,-0.03654631733319298,-0.040781436380812025
2017-10-31,7,6,0.42857142857142855,0.5,-0.0003796626545694103,0.0326864970448503,-0.03306615969941971,-0.03533996922322923
2017-11-30,7,6,0.42857142857142855,0.6666666666666666,-0.07108588425945453,-0.05789202813630178,-0.013193856123152749,-0.01614822120251783
2017-12-31,7,6,0.7142857142857142,0.6666666666666666,0.01696939566896792,0.026467439665696535,-0.009498043996728614,-0.01278078209196671
2018-01-31,7,6,0.7142857142857142,0.6666666666666667,0.029529521381338554,-0.05172348542199758,0.08125300680333614,0.07814387981920916
2018-02-28,7,6,0.9999999999999998,1.0,0.046725263142468706,0.07579616028982646,-0.02907089714735775,-0.03359173048069108
2018-03-31,7,6,0.7142857142857142,0.49999999999999994,-0.03976404549064542,0.0006202609263163041,-0.040384306416961724,-0.04333371117886648
2018-04-30,7,6,0.4285714285714285,0.3333333333333333,0.010734352623175882,0.008747865381097118,0.0019864872420787636,0.00011545549604701752
2018-05-31,7,6,0.5714285714285714,0.6666666666666667,-0.004100207551571984,-0.078386712682608,0.07428650513103602,0.0709769813215122
2018-06-30,7,6,0.857142857142857,1.0,-0.040508897734252015,0.010358081777631364,-0.050866979511883376,-0.05492848744839131
2018-07-31,6,5,0.5714285714285714,0.6666666666666667,0.061211438928271834,0.09043074058868475,-0.029219301660412915,-0.032153825469936725
2018-08-31,6,5,0.5,0.6000000000000001,0.028632359980074424,0.011407072306132315,0.01722528767394211,0.014150287673942108
2018-09-30,6,5,0.8333333333333334,0.6000000000000001,-0.01838474736004649,-0.059636493681816026,0.041251746321769533,0.03780174632176953
2018-10-31,6,5,0.8333333333333334,1.0,-0.11795748609381648,-0.06404396532967871,-0.05391352076413777,-0.05853852076413777
2018-11-30,6,5,0.49999999999999994,0.4,-0.014936720161013904,0.015309400735144037,-0.03024612089615794,-0.032629454229491275
2018-12-31,6,5,0.6666666666666667,0.8,-0.09203546718287248,-0.04128763295057134,-0.050747834232301135,-0.05418116756563447
2019-01-31,6,5,0.5,0.6000000000000001,0.07364296475139034,0.018826486657979962,0.05481647809341038,0.05224147809341038
2019-02-28,6,5,0.8333333333333334,0.6000000000000001,0.10999706837440751,0.032359648960098596,0.0776374194143089,0.07410408608097557
2019-03-31,6,5,1.0,0.8,-0.04315370156003178,-0.010244653625987345,-0.032909047934044436,-0.036967381267377766
2019-04-30,6,5,0.3333333333333333,0.8,0.08546919954150943,0.010915667149729004,0.07455353239178042,0.07199519905844709
2019-05-31,6,5,0.8333333333333334,0.8,-0.010446412506673794,-0.1153731556331637,0.1049267431264899,0.1010767431264899
2019-06-30,6,5,0.8333333333333334,1.0,0.05198445040758052,-0.00201874860261826,0.05400319901019878,0.049878199010198784
2019-07-31,6,5,0.8333333333333334,0.8,0.012306600462665906,-0.01611017189120072,0.028416772353866627,0.02465010568719996
2019-08-31,6,5,0.6666666666666667,0.8,-0.022786592055602253,0.08847186049409919,-0.11125845254970144,-0.11485845254970144
2019-09-30,6,5,0.49999999999999994,0.6000000000000001,0.04305367722454359,-0.020981478347283943,0.06403515557182754,0.06125182223849421
2019-10-31,6,5,0.8333333333333334,1.0,0.026841769689638476,0.023459930863746516,0.0033818388258919606,-0.0008681611741080398
2019-11-30,6,5,0.6666666666666666,0.8,0.05936062768670272,0.02671847023533272,0.03264215745137,0.02933382411803667
2019-12-31,6,5,0.8333333333333334,1.0,0.06659974906648003,0.009943141869199291,0.05665660719728074,0.0523232738639474
2020-01-31,6,5,0.8333333333333334,1.0,0.06699487532885465,0.04996146670622573,0.01703340862262892,0.012575075289295587
2020-02-29,6,5,1.0,0.6000000000000001,-0.10618510579312085,0.032576990203891626,-0.13876209599701247,-0.14242042933034582
2020-03-31,6,5,0.49999999999999994,0.4,-0.1796131045473108,-0.08941283575335651,-0.09020026879395429,-0.09283360212728763
2020-04-30,6,5,0.49999999999999994,0.6000000000000001,0.09458860409376817,0.11807629166729604,-0.02348768757352787,-0.025979354240194538
2020-05-31,7,7,0.8571428571428571,0.8571428571428571,0.08048295031142902,0.08960485215000447,-0.009121901838575447,-0.013383806600480209
2020-06-30,7,7,0.857142857142857,0.7142857142857142,0.08465084036243224,-0.003470715676739954,0.0881215560391722,0.08444298461060076
2020-07-31,7,7,0.9999999999999998,0.7142857142857142,0.07939687286011926,0.06095010600258611,0.018446766857533152,0.014393195428961723
2020-08-31,7,7,0.857142857142857,0.7142857142857142,-0.003971984237172995,0.05551623331737096,-0.059488217554543955,-0.0631667889831154
2020-09-30,7,7,0.5714285714285714,0.5714285714285714,-0.00449515967610069,0.05042774568422107,-0.05492290536032176,-0.05774433393175033
2020-10-31,7,7,0.4285714285714285,0.4285714285714285,-0.012164603733540016,-0.010030461646181153,-0.0021341420873588635,-0.00417580875402553
2020-11-30,7,7,0.5714285714285713,0.7142857142857142,0.09411097764754901,0.14058748022874568,-0.04647650258119666,-0.04958364543833952
2020-12-31,7,7,0.4285714285714285,0.5714285714285714,0.026898735657036307,0.03517014486408024,-0.008271409207043931,-0.011164266349901074
2021-01-31,7,7,0.5714285714285714,0.5714285714285714,0.00994861783771285,-0.06478366147878738,0.07473227931650023,0.07155370788792881
2021-02-28,7,7,0.9999999999999998,0.857142857142857,0.05922273607961698,0.020929401319509867,0.038293334760107114,0.03413262047439283
2021-03-31,7,7,0.7142857142857142,0.857142857142857,0.0763024988744562,0.04254330201647706,0.03375919685797914,0.029723482572264853
2021-04-30,7,7,0.7142857142857142,0.7142857142857142,0.0574213772462373,0.04086396847758742,0.016557408768649876,0.013164551625792734
2021-05-31,8,7,0.7499999999999999,0.857142857142857,0.021354938310602187,-0.01715105728695007,0.03850599559755226,0.03475599559755226
2021-06-30,8,7,0.5,0.857142857142857,0.03972467043291131,0.05197844137105758,-0.012253770938146273,-0.015712104271479607
2021-07-31,8,7,0.75,0.5714285714285713,0.03602479806731443,0.029885872240168268,0.0061389258271461605,0.003049640112860447
2021-08-31,8,7,0.75,0.7142857142857142,0.010053134618140627,0.00433096179770401,0.005722172820436617,0.0019007442490080462
2021-09-30,8,7,0.625,0.5714285714285713,-0.03913856106269513,-0.04044849540024192,0.0013099343375467878,-0.0015591132815008307
2021-10-31,8,7,0.75,0.5714285714285714,0.025328059541974174,0.06817325429722046,-0.042845194755246285,-0.045964242374293904
2021-11-30,8,7,0.625,0.2857142857142857,-0.016569850917342144,-0.049462888697164496,0.03289303777982235,0.030595418732203304
2021-12-31,8,7,0.875,0.7142857142857142,0.024733042679621425,0.041124434854172574,-0.01639139217455115,-0.02007591598407496
2022-01-31,8,7,0.5,0.4285714285714285,-0.17097456135097888,-0.06881123879074291,-0.10216332256023597,-0.10455617970309312
2022-02-28,8,7,0.375,0.5714285714285713,-0.01889845599341433,-0.08154837659885485,0.06264992060544051,0.06016182536734528
2022-03-31,8,7,0.75,0.7142857142857142,-0.0062760386354818315,0.0326068537384214,-0.03888289237390323,-0.04213884475485561
2022-04-30,8,7,0.5,0.5714285714285714,-0.03193024150080283,0.03676676549842384,-0.06869700699922666,-0.07122676890398856
2022-05-31,8,7,0.625,0.2857142857142857,0.04577762507711197,-0.05434627844368486,0.10012390352079684,0.09776676066365397
2022-06-30,8,7,0.625,0.857142857142857,-0.05993419510435237,-0.0983475133846912,0.03841331828033882,0.03458593732795787
2022-07-31,8,7,0.625,0.857142857142857,0.19302889760943462,0.12407029735340601,0.06895860025602861,0.0654586002560286
2022-08-31,8,7,1.0,0.857142857142857,-0.0855269465761769,-0.11587194197158492,0.03034499539540801,0.026303328728741342
2022-09-30,8,7,0.625,0.857142857142857,-0.21142666139240768,-0.11748282490497741,-0.09394383648743027,-0.09759264601123979
2022-10-31,8,7,0.375,0.2857142857142857,0.12232403155465874,0.1198969375962111,0.002427093958447632,0.0006294749108285843
2022-11-30,8,7,0.75,0.5714285714285713,0.1062851095209752,0.0749466674997164,0.031338442021258794,0.028159870592687368
2022-12-31,8,7,0.625,0.7142857142857142,-0.006922363671162196,0.005336764262825904,-0.0122591279339881,-0.015830556505416673
2023-01-31,8,7,0.75,0.7142857142857142,0.010010113754903585,0.05300438134627154,-0.04299426759136796,-0.04645855330565367
2023-02-28,8,7,0.75,0.4285714285714285,0.020313119516881376,0.01957665795790753,0.0007364615589738471,-0.0020671098695975807
2023-03-31,8,7,0.625,0.5714285714285714,0.019246372746557702,0.01818248982613135,0.0010638829204263518,-0.0018646885081450766
2023-04-30,8,7,0.625,0.857142857142857,0.017994096383305208,0.053938107050579595,-0.03594401066727439,-0.039592820191083906
2023-05-31,8,7,0.75,0.5714285714285713,-0.01019223089743837,-0.02634466237682994,0.01615243147939157,0.012973860050820142
2023-06-30,8,7,0.75,0.857142857142857,0.03896921524519588,0.03279051609721094,0.00617869914798494,0.0022203658146516063
2023-07-31,8,7,0.625,0.7142857142857142,0.028717764681239613,-0.005834524064272206,0.03455228874551182,0.031129669697892774
2023-08-31,8,7,0.875,0.857142857142857,-0.06315728295523536,-0.10176803567151846,0.0386107527162831,0.034610752716283104
2023-09-30,8,7,0.625,0.857142857142857,-0.06199999651016805,0.0029133517593644344,-0.06491334826953249,-0.06862168160286582
2023-10-31,8,7,0.5,0.4285714285714285,-0.08342302667202643,-0.06292542632394248,-0.020497600348083955,-0.022949981300464908
2023-11-30,8,7,0.75,0.7142857142857142,0.05330595458551794,0.11377256858259899,-0.060466613997081045,-0.06360351875898582
2023-12-31,8,7,0.5,0.7142857142857142,0.0771771450014672,0.08017931962999479,-0.0030021746285275874,-0.005936698438051397
2024-01-31,8,7,0.75,0.5714285714285714,0.025361955918780585,0.029718915718644264,-0.004356959799863679,-0.007386721704625584
2024-02-29,8,7,0.75,0.7142857142857142,0.04418783374406489,0.03225823898257596,0.01192959476148893,0.008465309047203216
2024-03-31,8,7,0.625,0.7142857142857142,0.010802009127044057,0.02957028455261279,-0.018768275425568734,-0.02198256113985445
2024-04-30,8,7,0.625,0.4285714285714285,0.004212672633924927,0.0009627476012017263,0.0032499250327232007,0.0006665916993898676
2024-05-31,8,7,0.875,0.7142857142857142,0.04725358281491707,0.11445076641361855,-0.06719718359870148,-0.07117932645584435
2024-06-30,8,7,0.625,0.5714285714285713,-0.05892543940569185,-0.032198391007745894,-0.026727048397945957,-0.029923476969374526
2024-07-31,8,7,0.375,0.7142857142857142,0.019978245028093963,0.03208790204741275,-0.012109657019318786,-0.0148239427336045
2024-08-31,9,8,0.6666666666666667,0.7499999999999999,-0.041853198640824756,0.022764189650579955,-0.0646173882914047,-0.06794551329140469
2024-09-30,9,8,0.44444444444444453,0.75,0.018321213772598315,-0.05882456538892532,0.07714577916152363,0.07426209860596808
2024-10-31,9,8,0.6666666666666667,0.875,-0.07197780313862161,-0.03222656892812645,-0.03975123421049516,-0.043381442543828495
2024-11-30,9,8,0.5555555555555556,0.625,-0.03148214727116418,-0.024156458368147546,-0.0073256889030166375,-0.010233675014127749
2024-12-31,9,8,0.5555555555555556,0.875,-0.044959093572594214,0.00020779216340002793,-0.04516688573599424,-0.048757163513772024
2025-01-31,9,8,0.44444444444444453,0.5,0.02598385974644585,-0.01247743878699864,0.03846129853344449,0.03589532631122226
2025-02-28,9,8,0.5555555555555556,0.75,0.09991662965000772,-0.001864564432381824,0.10178119408238955,0.09862320797127844
2025-03-31,9,8,0.8888888888888888,0.75,-0.12142690507986448,-0.01945862418588666,-0.10196828089397782,-0.10574085033842226
2025-04-30,9,8,0.2222222222222222,0.375,-0.028500016549249045,-0.009094717517624307,-0.01940529903162474,-0.021146618476069183
2025-05-31,9,8,0.5555555555555556,0.875,0.06974771321584876,0.06286002855893853,0.006887684656910226,0.003297406879132448
2025-06-30,9,8,0.6666666666666667,0.625,-0.04859549262048045,-0.014291742234105273,-0.034303750386375176,-0.03738187538637518
2025-07-31,9,8,0.4444444444444444,0.625,0.02860866487553437,0.03232505037098263,-0.003716385495448258,-0.006636524384337147
2025-08-31,8,8,0.6666666666666666,0.625,0.01132619536478885,-0.018115273995194955,0.029441469359983805,0.026311261026650472
2025-09-30,8,8,0.375,0.625,-0.08881657160797887,0.013923557169777737,-0.10274012877775661,-0.10528700377775661
2025-10-31,8,8,0.375,0.5,0.04997341554066416,0.0591370844825526,-0.009163668941888442,-0.011773043941888443
2025-11-30,8,8,0.875,0.625,0.041003505183197606,0.021889287456310386,0.01911421772688722,0.015437134393553887
2025-12-31,8,8,0.875,0.5,0.034473304328127535,0.04016719420788657,-0.005693889879759037,-0.009068889879759037
2026-01-31,8,8,0.625,0.5,-0.03838587285207032,0.05210820482593151,-0.09049407767800183,-0.09336907767800183
2026-02-28,8,8,0.25,0.375,-0.05189703172454126,-0.06809012927462843,0.016193097550087174,0.014448305883420508
2026-03-31,8,8,0.625,0.75,-0.023884383731822653,-0.05408172775626156,0.03019734402443891,0.026587969024438912
2026-04-30,8,8,0.625,0.75,-0.012785863447491441,0.004996099406084253,-0.017781962853575695,-0.02089654618690903
2026-05-31,8,8,0.5,0.75,0.023732139993492343,0.06931303652516962,-0.04558089653167728,-0.04857568819834395
2026-06-30,8,8,0.625,0.5,0.008932636698016028,0.023919626784311712,-0.014986990086295685,-0.017888031752962354
2026-07-31,8,8,0.875,0.5,0.05360545208717704,0.043748704801133964,0.009856747286043077,0.006742163952709744
2026-08-31,8,8,0.625,0.875,0.05646923752035432,0.04710459610524603,0.009364641415108288,0.005635474748441621
