Date,index
2011-07-31,100.96762141536222
2011-08-31,95.7120663619207
2011-09-30,90.14300760375556
2011-10-31,99.30805631775769
2011-11-30,95.82568838464202
2011-12-31,90.55867257357816
2012-01-31,100.20289331689828
2012-02-29,105.03984306111667
2012-03-31,109.9159528593465
2012-04-30,105.79979741328394
2012-05-31,97.31482126677437
2012-06-30,102.61212445101063
2012-07-31,96.3196391526633
2012-08-31,96.59214450991097
2012-09-30,97.79001974151427
2012-10-31,87.94327513917895
2012-11-30,94.01633051442052
2012-12-31,94.30825199352981
2013-01-31,101.34996945553534
2013-02-28,99.75223175721142
2013-03-31,99.80831441235651
2013-04-30,103.75137639882144
2013-05-31,113.36766812480275
2013-06-30,112.65106318809386
2013-07-31,119.48419185262276
2013-08-31,119.39344874331002
2013-09-30,130.53117381966211
2013-10-31,135.84342952497622
2013-11-30,140.78618733291017
2013-12-31,150.93112088210324
2014-01-31,150.49267146384798
2014-02-28,161.77470608355432
2014-03-31,160.66932851378192
2014-04-30,158.26616766714633
2014-05-31,164.75623006568767
2014-06-30,167.95525592064956
2014-07-31,166.04076568147633
2014-08-31,177.8996987952443
2014-09-30,173.23117771776606
2014-10-31,168.22395539041742
2014-11-30,176.20428049266363
2014-12-31,174.28659956827784
2015-01-31,171.56344112082377
2015-02-28,190.916335752727
2015-03-31,184.38354514364227
2015-04-30,187.056649750476
2015-05-31,193.14922149512887
2015-06-30,188.68702899081447
2015-07-31,196.67850631172345
2015-08-31,192.64361206271712
2015-09-30,193.17028390385806
2015-10-31,220.92488427362645
2015-11-30,233.53764802268023
2015-12-31,244.34059086511982
2016-01-31,228.66140047330288
2016-02-29,223.76099644818618
2016-03-31,252.5156174577827
2016-04-30,256.8261777864795
2016-05-31,285.96457987686006
2016-06-30,286.5334405935308
2016-07-31,321.4671956298599
2016-08-31,333.438311902442
2016-09-30,338.05168090668354
2016-10-31,340.83172171034613
2016-11-30,357.9621843816125
2016-12-31,378.234197345198
2017-01-31,398.0659751111224
2017-02-28,424.7469658146974
2017-03-31,440.6622078772215
2017-04-30,447.4534361575561
2017-05-31,475.3036642093829
2017-06-30,481.0996107294986
2017-07-31,510.31660492855525
2017-08-31,515.5309739088962
2017-09-30,512.4502693037132
2017-10-31,547.3541787865489
2017-11-30,550.6224568172545
2017-12-31,538.5683465851773
2018-01-31,619.386190300184
2018-02-28,601.136404717978
2018-03-31,557.9902289343348
2018-04-30,571.5837937770856
2018-05-31,628.9314516003618
2018-06-30,631.3071752295504
2018-07-31,659.1775468617152
2018-08-31,720.4743513129287
2018-09-30,752.3446169657798
2018-10-31,635.239031815041
2018-11-30,639.1944989811273
2018-12-31,588.8934692227676
2019-01-31,669.3100180311286
2019-02-28,677.9365413803514
2019-03-31,728.4877883093861
2019-04-30,778.7983386632062
2019-05-31,696.8835121120333
2019-06-30,768.0676102719931
2019-07-31,783.8222112391442
2019-08-31,766.7519068346371
2019-09-30,764.2901324806738
2019-10-31,816.1038001892214
2019-11-30,867.5229350149841
2019-12-31,902.5605099938375
2020-01-31,926.2151663384484
2020-02-29,894.6144253553335
2020-03-31,847.6926864096353
2020-04-30,985.3421020753101
2020-05-31,1047.6218557035165
2020-06-30,1101.2112970261535
2020-07-31,1228.0459075253184
2020-08-31,1382.3203298758654
2020-09-30,1322.6695112006878
2020-10-31,1286.656459242985
2020-11-30,1402.2872225584385
2020-12-31,1443.801655978964
2021-01-31,1427.7562681458267
2021-02-28,1468.022169005135
2021-03-31,1497.9460654061684
2021-04-30,1623.013844526058
2021-05-31,1637.672423143215
2021-06-30,1772.1077419350904
2021-07-31,1859.4102740764718
2021-08-31,1971.3099427360717
2021-09-30,1851.4551825814472
2021-10-31,2052.268729360551
2021-11-30,2201.6568864054825
2021-12-31,2203.0193819914866
2022-01-31,1962.978527160541
2022-02-28,1883.34239226786
2022-03-31,1965.8481666586222
2022-04-30,1626.1745397672332
2022-05-31,1653.8433464528098
2022-06-30,1446.5709094660592
2022-07-31,1640.5434866927199
2022-08-31,1525.9608174639761
2022-09-30,1291.419328313546
2022-10-31,1288.4268575372935
2022-11-30,1475.7711157625436
2022-12-31,1366.6014958640014
2023-01-31,1579.9465125199094
2023-02-28,1628.5389024514725
2023-03-31,1874.790481442774
2023-04-30,1913.7905559876901
2023-05-31,2285.7938191074763
2023-06-30,2417.706902424781
2023-07-31,2527.6024753777865
2023-08-31,2527.324644603725
2023-09-30,2368.9696870473726
2023-10-31,2356.4563866989834
2023-11-30,2643.8596188449096
2023-12-31,2829.793640155107
2024-01-31,3071.944601472143
2024-02-29,3441.742230704318
2024-03-31,3590.705097923026
2024-04-30,3403.6493978775093
2024-05-31,3657.227835215967
2024-06-30,4034.9636386134534
2024-07-31,3841.352929316028
2024-08-31,3879.146542458688
2024-09-30,4161.291609597965
2024-10-31,4114.771885117371
2024-11-30,4221.884614778946
2024-12-31,4422.662646048214
2025-01-31,4508.013946617438
2025-02-28,4189.693254316624
2025-03-31,3768.0538502766403
2025-04-30,3821.685553573959
2025-05-31,4467.296240109812
2025-06-30,5155.115596474898
2025-07-31,5717.962448452761
2025-08-31,5574.557669921338
2025-09-30,5950.650398338621
2025-10-31,6601.965978247077
2025-11-30,6294.634233760727
2025-12-31,6164.297140038296
2026-01-31,6184.230601226836
2026-02-28,5596.870581377623
2026-03-31,5403.436033989119
2026-04-30,6834.282408922822
2026-05-31,7801.99367437243
2026-06-30,6934.9798365929
2026-07-31,7032.845030719091
2026-08-31,7225.433769137986
2026-09-30,7492.296737980693
