name,run24,run12,from_peak,peak_month
NVDA,0.8331395204987999,0.1928067746401778,0.0,2026-09
AVGO,1.1051609143301175,0.09003843680178991,-0.19829889881272644,2026-05
AMD,2.4118722574353972,2.4601644106557887,-0.03630510750374394,2026-06
MSFT,0.16565315102642053,-0.038820531687310034,-0.06530273833095457,2025-07
META,0.16969595811407956,-0.0910952592238643,-0.13641357714813473,2025-07
GOOGL,1.1223731427565227,0.4415863471206629,-0.09050460159813478,2026-04
AMZN,0.3616164868781193,0.15548572209318223,-0.06580013255762562,2026-07
ORCL,-0.11470297178156952,-0.46916435011202173,-0.46916435011202173,2025-09
QQQ,0.49157609426008375,0.20606501333199612,-0.021762711864406703,2026-05
SPY,0.3514345173511675,0.1499668536383807,-0.009464832800990752,2026-08
AI basket,0.8004738530459647,0.2590719058327622,-0.03969458952639415,2026-05
