Date,bsadf,cv
2011-08-31,,
2011-09-30,,
2011-10-31,,
2011-11-30,,
2011-12-31,,
2012-01-31,,
2012-02-29,,
2012-03-31,,
2012-04-30,,
2012-05-31,,
2012-06-30,,
2012-07-31,,
2012-08-31,,
2012-09-30,,
2012-10-31,,
2012-11-30,,
2012-12-31,,
2013-01-31,,
2013-02-28,,
2013-03-31,,
2013-04-30,,
2013-05-31,,
2013-06-30,,
2013-07-31,,
2013-08-31,,
2013-09-30,-1.5874932099122179,0.10708724265571365
2013-10-31,-1.4717205565815823,0.09448481580081626
2013-11-30,-1.2009584352628573,0.1280440445561949
2013-12-31,-1.2480272340810488,0.16753952804313993
2014-01-31,-1.2360510113462222,0.1893425629307181
2014-02-28,-1.287899761462292,0.24868778384216222
2014-03-31,-1.3327377822468487,0.2910893337516316
2014-04-30,-1.3585069611525866,0.29127341928088957
2014-05-31,-1.3829102118965664,0.307410363478244
2014-06-30,-1.4031917724772769,0.4068171382687248
2014-07-31,-1.4278356862945394,0.3751821164582544
2014-08-31,-1.446281769201864,0.35535746611181235
2014-09-30,-1.4408912235002302,0.4162939402919864
2014-10-31,-1.3797974648073916,0.41783692441799997
2014-11-30,-1.4113964032859612,0.3760420839477491
2014-12-31,-1.3736156446497791,0.3229501957137204
2015-01-31,-1.3449280037883955,0.3339480097148942
2015-02-28,-1.5765416961471872,0.35534522633339644
2015-03-31,-1.419988956024308,0.35669064928635824
2015-04-30,-1.265260908037348,0.42358532221675643
2015-05-31,-1.304306739077287,0.4614774963054943
2015-06-30,-1.3877431651095937,0.4539691574387256
2015-07-31,-0.07641100780303317,0.4516153790787122
2015-08-31,0.2049553068873617,0.44989542505702773
2015-09-30,0.35621094636108175,0.4392700455822299
2015-10-31,-0.3503336430386552,0.43175259963536916
2015-11-30,-0.84069226821869,0.4500712225698179
2015-12-31,-1.1782895678096357,0.44618855971919563
2016-01-31,-0.9340436630077791,0.4447091634948049
2016-02-29,-0.8938173381096756,0.4887634345447687
2016-03-31,-1.2923446207533043,0.4441506669551641
2016-04-30,-1.4514981102284374,0.5050452227924195
2016-05-31,-1.2866263351822225,0.43642543371345754
2016-06-30,-1.1660113636871599,0.4507635606972978
2016-07-31,-0.5266849776311237,0.4296912039365179
2016-08-31,-0.49562397926044627,0.4400435999046743
2016-09-30,-0.7462269965428544,0.4426091946624226
2016-10-31,-0.559088982053667,0.48967059336101837
2016-11-30,0.047101017105643024,0.5055877885275878
2016-12-31,0.5696246618651389,0.4869109709768709
2017-01-31,0.04844042299321018,0.44081467974126326
2017-02-28,0.9123723027215135,0.47384627827276654
2017-03-31,0.6814902009958445,0.41627115053574204
2017-04-30,0.24132413813787262,0.47277098546918783
2017-05-31,-0.2418766872191457,0.46763527422147316
2017-06-30,-0.013289928503537605,0.46786697803966154
2017-07-31,0.081227756734175,0.47327551276294466
2017-08-31,-0.06337128231790311,0.4158033428344828
2017-09-30,-0.12635914800035838,0.49913208241739265
2017-10-31,-0.40753224095414087,0.472668568551519
2017-11-30,-0.41193133736638,0.5002895789238366
2017-12-31,-0.5050957938015176,0.5451366160388723
2018-01-31,-0.13267308385166707,0.5266255208885553
2018-02-28,-0.33996414634781963,0.5058300392842322
2018-03-31,-0.6116292194453608,0.5307049522847817
2018-04-30,-0.5092174110849409,0.5422502223098506
2018-05-31,-0.28363213176276697,0.5366465142706811
2018-06-30,-0.22561841672184493,0.4952371256478031
2018-07-31,0.01141129277430199,0.4559352065129344
2018-08-31,0.38610271362273385,0.4755573886726249
2018-09-30,0.5793593994899069,0.4943377135719778
2018-10-31,-0.4250182465055462,0.5497444178558565
2018-11-30,-0.10209630593014374,0.5781224770756556
2018-12-31,-0.30704517901939876,0.5606416574138315
2019-01-31,0.02311343995928918,0.5623649655098105
2019-02-28,-0.04918754811466457,0.5184325764160276
2019-03-31,0.023940289212613063,0.5173373099843319
2019-04-30,0.09039765756409675,0.5316783332669279
2019-05-31,0.04404642011769093,0.5282992258201737
2019-06-30,0.14196574504661075,0.5865553859378944
2019-07-31,0.10865055108178594,0.5626640774034976
2019-08-31,0.11295085374056839,0.5523249611326886
2019-09-30,-0.02811483144132273,0.5524879083224277
2019-10-31,0.13490661092087775,0.5552183463615782
2019-11-30,0.2704795177060002,0.5787951789413078
2019-12-31,0.42828620984749366,0.5841639801884955
2020-01-31,0.41344530714454075,0.6325861756232876
2020-02-29,0.3157003972496924,0.5841368309384256
2020-03-31,0.26832257686027083,0.5779683738432102
2020-04-30,0.41036105597338124,0.5647082032282585
2020-05-31,0.3994174378456215,0.6268204369636959
2020-06-30,0.3209800581921447,0.6199228470382149
2020-07-31,0.7666883492078418,0.6339002483357286
2020-08-31,0.905782223576964,0.6649854084671261
2020-09-30,0.686390373473657,0.6032175794296107
2020-10-31,0.48577677325326934,0.6236653558927403
2020-11-30,0.7176603408220201,0.6432809238044569
2020-12-31,0.6506159392669639,0.6013795521547523
2021-01-31,0.5014131006566128,0.5905697041394664
2021-02-28,0.4550395439608762,0.5836563036564429
2021-03-31,0.335999238692707,0.5504062157470601
2021-04-30,0.36023640173002386,0.5728358007780673
2021-05-31,0.3107583776506017,0.5951581157089377
2021-06-30,0.4609776150836107,0.6214993526201978
2021-07-31,0.5499329998518995,0.5951390298583463
2021-08-31,0.5563805481251046,0.596985837987927
2021-09-30,0.43660738069203503,0.6637261409218299
2021-10-31,0.5919982639191456,0.6623499265121321
2021-11-30,0.8351980036616546,0.6764775981564513
2021-12-31,0.6767427128099154,0.6465370823619254
2022-01-31,0.3520207498921284,0.5526758318675198
2022-02-28,0.4332222291058718,0.5580234490347151
2022-03-31,0.2805157372691408,0.5503202640573346
2022-04-30,0.009171286328786592,0.5425755128317791
2022-05-31,0.1772148710931443,0.586191912451945
2022-06-30,-0.08095974501280181,0.6079721164295718
2022-07-31,0.1003512365921699,0.5946588744454941
2022-08-31,0.0023878506919390186,0.6449770386649188
2022-09-30,-0.24585392256311447,0.618214335677667
2022-10-31,-0.2883983164897441,0.6295626856596922
2022-11-30,-0.13431347012058067,0.6299530357225762
2022-12-31,-0.25842011345731514,0.5987303801024142
2023-01-31,-0.1653404450868898,0.5816023893128339
2023-02-28,-0.14914119475754967,0.5628891276021799
2023-03-31,-0.013998911829756829,0.5636264191640808
2023-04-30,-0.09022813484551376,0.5759106870706437
2023-05-31,0.10332014367342211,0.5807299661968526
2023-06-30,0.06371652498583794,0.6466645362788952
2023-07-31,0.05108854197377548,0.5696691982653304
2023-08-31,-0.024556823618087815,0.5505153449991825
2023-09-30,-0.059984907366992066,0.5458500776360898
2023-10-31,-0.10401200428621489,0.548087039277171
2023-11-30,0.028587551128473557,0.5519932502892643
2023-12-31,0.1487223188421411,0.5328643358177424
2024-01-31,0.22883677961471866,0.5473338610689531
2024-02-29,0.321151636287456,0.5471886669838159
2024-03-31,0.24577070963828893,0.612283508100291
2024-04-30,0.1094924828481785,0.5436616262746637
2024-05-31,0.13769949369674864,0.5897505097815015
2024-06-30,0.09816001150692508,0.6472120280284496
2024-07-31,-0.01078215841048855,0.6141387481984492
2024-08-31,-0.0027582435936901423,0.576126466900021
2024-09-30,0.055961659815205185,0.5840403824171253
2024-10-31,-0.054548053156841574,0.5449707245240298
2024-11-30,-0.10461657155359316,0.5614701947448262
2024-12-31,-0.20542824711241844,0.5524231346402623
2025-01-31,-0.24228419595531236,0.5227878876846647
2025-02-28,-0.3435040804863902,0.5601123840373942
2025-03-31,-0.3339459878140433,0.6310580837513586
2025-04-30,-0.3723577664679177,0.6045230251368793
2025-05-31,-0.3089524236086901,0.6504498984853614
2025-06-30,-0.1822406072947131,0.6897258778618889
2025-07-31,-0.067145214016407,0.6582246323079444
2025-08-31,-0.13601986770961372,0.6758801214743234
2025-09-30,-0.15040195151024574,0.7226958943523352
2025-10-31,0.14761076384433558,0.6656957167457237
2025-11-30,0.021916893393318836,0.6846096783414961
2025-12-31,-0.005464854855202104,0.6628634122090984
2026-01-31,0.05383356902033173,0.7021768783840705
2026-02-28,-0.08136084896440898,0.7037872238020553
2026-03-31,-0.08288306910709092,0.7175324935819678
2026-04-30,0.27565602163021147,0.7053321526934474
2026-05-31,0.4919227830235888,0.6772226747528013
2026-06-30,0.5500255785987894,0.7315317025647469
2026-07-31,0.3407840309109841,0.7208333768075121
2026-08-31,0.31410138536313054,0.7348645536336358
2026-09-30,0.44039799268165436,0.7498421427489035
