date,bsadf,cv
1970-03-31,,
1970-04-30,,
1970-05-31,,
1970-06-30,,
1970-07-31,,
1970-08-31,,
1970-09-30,,
1970-10-31,,
1970-11-30,,
1970-12-31,,
1971-01-31,,
1971-02-28,,
1971-03-31,,
1971-04-30,,
1971-05-31,,
1971-06-30,,
1971-07-31,,
1971-08-31,,
1971-09-30,,
1971-10-31,,
1971-11-30,,
1971-12-31,,
1972-01-31,,
1972-02-29,,
1972-03-31,,
1972-04-30,,
1972-05-31,,
1972-06-30,,
1972-07-31,,
1972-08-31,,
1972-09-30,,
1972-10-31,1.039349341830609,0.04103003512486984
1972-11-30,1.3073319133244443,0.041247374157635304
1972-12-31,1.484358269275783,0.12919561029981622
1973-01-31,1.1631494444926909,0.12932219296196582
1973-02-28,0.8703671100218909,0.20251055111270944
1973-03-31,0.8371261953041594,0.21706667445612332
1973-04-30,-0.014182419574644629,0.29706023494334166
1973-05-31,-0.05392884838070126,0.29037101054415554
1973-06-30,-0.014478649897545074,0.23234640791399058
1973-07-31,0.1770442090674993,0.2919789521019925
1973-08-31,-8.830608960849835e-05,0.30327313711391096
1973-09-30,-0.2515419832355819,0.20741909717737714
1973-10-31,-0.2204755060601759,0.29653423005897717
1973-11-30,-0.2957515973479423,0.39613791596246656
1973-12-31,-0.529023910544635,0.36037491784091
1974-01-31,-0.458306581332663,0.2946630665038197
1974-02-28,-0.47145100431246545,0.3044081053349614
1974-03-31,-0.5092327809648541,0.26965704437548543
1974-04-30,-0.4556496352744643,0.31026449284747937
1974-05-31,-0.4253006398384091,0.36472224185617774
1974-06-30,-0.5326593045866926,0.3697564349996714
1974-07-31,-0.6097801541136948,0.38046445424814396
1974-08-31,-0.8169780351462437,0.4092462195339943
1974-09-30,-0.8633235379974737,0.45557616868980944
1974-10-31,-0.9631443449117156,0.4311724387595394
1974-11-30,-0.8916894354272943,0.3789142871049441
1974-12-31,-0.928859066690481,0.3953610506008311
1975-01-31,-0.9108611164562375,0.38206000905636706
1975-02-28,-0.8409323645222583,0.34668590193933246
1975-03-31,-0.7970811237197634,0.3901714592884904
1975-04-30,-0.8213915955832924,0.41474181248240005
1975-05-31,-0.8688219362622647,0.37894832549947793
1975-06-30,-0.8347984924393345,0.38253425046373624
1975-07-31,-0.9281942315036954,0.4038465471572687
1975-08-31,-1.0306165747571678,0.4354346643761974
1975-09-30,-1.0830946000112798,0.4073408079005395
1975-10-31,-0.9728379082263091,0.4053397636496678
1975-11-30,-1.0035126473411242,0.4369298436545998
1975-12-31,-1.0133764230013824,0.47451206447884675
1976-01-31,-0.9235570771913323,0.48999768905862423
1976-02-29,-0.9569639488347744,0.4471270206057829
1976-03-31,-0.9838891113755743,0.4983717660017133
1976-04-30,-0.9761318704679366,0.5569558522755033
1976-05-31,-0.9920541387403198,0.5372281132339385
1976-06-30,-0.9354899068030352,0.5410939300802956
1976-07-31,-1.0332133974082394,0.5287765354682302
1976-08-31,-1.0072660281609236,0.4961175363235195
1976-09-30,-0.9911570885747205,0.5258376670685804
1976-10-31,-1.07455903057469,0.5067376495607722
1976-11-30,-1.1330349342147001,0.49773953288569217
1976-12-31,-0.980708706553454,0.4665341977656856
1977-01-31,-1.0138498755566416,0.5341369862742963
1977-02-28,-0.9983216150102803,0.5284280647378188
1977-03-31,-1.0265257149684923,0.553148189129839
1977-04-30,-1.0105561648801886,0.5603660117533076
1977-05-31,-1.0669240229026358,0.527636123069678
1977-06-30,-1.079047276159774,0.5072217926487979
1977-07-31,-1.1429132007674185,0.5548189201571919
1977-08-31,-1.0142978839712573,0.5765223387432649
1977-09-30,-1.0263347758217152,0.5384844808584965
1977-10-31,-1.0970953950665783,0.5701025613950328
1977-11-30,-1.2069629455973667,0.5678507506796107
1977-12-31,-1.2121217103133832,0.5380141916355421
1978-01-31,-1.1455542476220284,0.4718532036865837
1978-02-28,-1.1251419540647902,0.5239242503420077
1978-03-31,-1.0358270811555552,0.5123591085230725
1978-04-30,-0.8981019675666951,0.5943870710088864
1978-05-31,-0.9908896531976414,0.5772350459385575
1978-06-30,-0.9053702212906511,0.5851558836972017
1978-07-31,-0.8334889639125399,0.5646646473065349
1978-08-31,-0.8660225465661877,0.5543219963842654
1978-09-30,-0.6067431808043569,0.5228084550535952
1978-10-31,-0.3651694070882738,0.5310491060168142
1978-11-30,-0.27543448043774355,0.5834319875890394
1978-12-31,-0.27325143199769025,0.4993590618742506
1979-01-31,0.04195503185939773,0.47878477876900094
1979-02-28,-0.22802428491902937,0.454451291210059
1979-03-31,-0.2418790806293817,0.5135037731971074
1979-04-30,-0.15959547262744075,0.558401424873804
1979-05-31,-0.16847679354017003,0.5688411174349297
1979-06-30,-0.24622722446775125,0.6085459001681105
1979-07-31,-0.21992032257340063,0.5906397466675144
1979-08-31,-0.10221870614312112,0.588491206315531
1979-09-30,0.03750793163758261,0.5998418439634706
1979-10-31,-0.2006468115236523,0.6253227201481586
1979-11-30,-0.2958448901557887,0.6075374901702313
1979-12-31,-0.2046409117215667,0.5524480210356287
1980-01-31,0.0008598459756212181,0.5155930676957448
1980-02-29,-0.04059227516812321,0.5241320090428606
1980-03-31,-0.3549393226531232,0.5181864153823986
1980-04-30,-0.11937447757756224,0.5515286255204075
1980-05-31,-0.13228044173212328,0.5876333124667006
1980-06-30,-0.14060737607384924,0.6263937189847621
1980-07-31,-0.19985975220093385,0.598592026751919
1980-08-31,-0.14653510844956905,0.6165019256053266
1980-09-30,-0.042268152277929565,0.5818078724298416
1980-10-31,-0.0023508024223892923,0.5738472697080951
1980-11-30,-0.04297589041254458,0.5608073688084126
1980-12-31,-0.11232730254039759,0.5557563282260765
1981-01-31,0.0044469282503391975,0.5666630334320156
1981-02-28,-0.08414599067059023,0.5881275263175919
1981-03-31,0.02591831585004629,0.581579269063486
1981-04-30,0.23412125525779276,0.5861064195575898
1981-05-31,0.128406676432049,0.6695445603974582
1981-06-30,0.3324171172664537,0.621850680121313
1981-07-31,0.290695470423918,0.616444819986046
1981-08-31,0.24614496892860066,0.6043832419106325
1981-09-30,-0.04350594793712807,0.5784862024292993
1981-10-31,-0.08601884710546465,0.5893722243148752
1981-11-30,-0.0444383810522717,0.5903051843577239
1981-12-31,0.018030778951554353,0.5227001939169568
1982-01-31,0.1405749669712745,0.5563435163208883
1982-02-28,-0.09744859604334419,0.5525000240556726
1982-03-31,-0.3168500104028669,0.585638720977314
1982-04-30,-0.26649169426444247,0.6143463804961768
1982-05-31,-0.3084531330512232,0.5837872676174469
1982-06-30,-0.3806658901506005,0.5814462099590764
1982-07-31,-0.4405052839864881,0.5559220816776574
1982-08-31,-0.45246893907095354,0.5897721958004122
1982-09-30,-0.5573263513482059,0.5698511254142173
1982-10-31,-0.4201550380101521,0.5440270044908659
1982-11-30,-0.16923016738928578,0.5511981178596022
1982-12-31,-0.12002862787491846,0.5719011707914867
1983-01-31,-0.08984710187242269,0.5497478715390738
1983-02-28,-0.11576646878122682,0.5648470915373932
1983-03-31,0.07140490754156596,0.6227319369829196
1983-04-30,0.13582663811402804,0.5906398700048663
1983-05-31,0.10428142250045108,0.6122482355387737
1983-06-30,0.21883699068201648,0.6693540288226449
1983-07-31,0.3055463678981078,0.6714371085243934
1983-08-31,0.33958849033680966,0.6594640409081813
1983-09-30,0.42660117522188956,0.627183795896533
1983-10-31,0.3729356568292114,0.6116992182829066
1983-11-30,0.3198602443820265,0.6148254178097864
1983-12-31,0.5866795821486901,0.601077630712939
1984-01-31,0.7038990914187077,0.5798641133928367
1984-02-29,0.579380255009875,0.5572584351022813
1984-03-31,1.263885671828723,0.595824558608476
1984-04-30,1.2087848307462767,0.5788923453615545
1984-05-31,0.3434950418993717,0.5926268363215145
1984-06-30,0.5288649752979745,0.5699367174341946
1984-07-31,0.33891659786879036,0.49344208351055024
1984-08-31,0.5680464729491514,0.4966414605508905
1984-09-30,0.5812409117178544,0.5338059528433665
1984-10-31,0.8064728695129595,0.5446320329217615
1984-11-30,0.8574540328678971,0.5180570581937712
1984-12-31,0.868518260693217,0.5669849177548151
1985-01-31,1.0192346436814792,0.5696110825941672
1985-02-28,1.118746003576533,0.5384722526295271
1985-03-31,1.183410217497272,0.5935843050546108
1985-04-30,1.0687510047090054,0.539014397125091
1985-05-31,1.1533951193095981,0.4894812526694452
1985-06-30,1.160125603891365,0.5082384624443437
1985-07-31,0.8294769644869797,0.48006215083511794
1985-08-31,0.966927122028874,0.4757523955437194
1985-09-30,0.9336108959377408,0.49285374129616527
1985-10-31,0.9785025586824764,0.5059038097138535
1985-11-30,0.8763766854770492,0.5136772158685303
1985-12-31,0.9478668261012417,0.5397938246675342
1986-01-31,0.8946080004511268,0.5337609783176055
1986-02-28,1.0665260505924008,0.580232046810191
1986-03-31,1.6290164669685447,0.5357131338051747
1986-04-30,1.6084055613846866,0.5492987991279715
1986-05-31,1.816957188800839,0.5664025491964922
1986-06-30,2.0428783733501072,0.5301739093895969
1986-07-31,1.9374561914790964,0.5687694407685945
1986-08-31,2.170737465581667,0.5559904031575923
1986-09-30,1.90538188066236,0.5494949977015983
1986-10-31,1.4633244764199345,0.55144528038572
1986-11-30,1.7351234249413388,0.5801499034552884
1986-12-31,1.8712609590869222,0.5912186123138476
1987-01-31,2.110380001308055,0.5947249715021347
1987-02-28,2.1418361481787866,0.6626188621451261
1987-03-31,2.345288556422876,0.6189511196271005
1987-04-30,2.636268745388151,0.610266936099038
1987-05-31,2.8552890297417868,0.6043205375816271
1987-06-30,2.6253720346871274,0.6125668583351199
1987-07-31,2.57782706024066,0.656395021803692
1987-08-31,2.807435601411956,0.6633367527740033
1987-09-30,2.7166188092635695,0.6394668294123023
1987-10-31,1.7816804851550236,0.6577139009264876
1987-11-30,1.653165224744642,0.7021537247406626
1987-12-31,1.3600368878364146,0.6982752641675826
1988-01-31,1.695696234367854,0.6678833025096758
1988-02-29,1.8852091293176902,0.6599259049820005
1988-03-31,1.9857205992842848,0.6845690584950643
1988-04-30,2.106026620084725,0.6352374658982596
1988-05-31,2.037879417296133,0.6401033522864684
1988-06-30,2.025429279160958,0.6364938656350432
1988-07-31,1.9808435214488227,0.5903142328162976
1988-08-31,1.824053320322011,0.5834496600684647
1988-09-30,1.8498845523598129,0.6213313700019865
1988-10-31,1.8009020096338182,0.6258068136047212
1988-11-30,1.9707491921233233,0.6839614252499587
1988-12-31,1.991831448824216,0.6818590457538412
1989-01-31,2.1198276737503408,0.6266032870212397
1989-02-28,2.1112200697985513,0.6431896107831254
1989-03-31,2.1579866438649056,0.6099813819652807
1989-04-30,2.203337923200165,0.6438887099888809
1989-05-31,2.2065134002109383,0.6737321897887664
1989-06-30,1.9639724024923806,0.6586635892650133
1989-07-31,2.1562056323705447,0.6571667354245594
1989-08-31,2.0434935634060523,0.6754649669693362
1989-09-30,2.1240146964628424,0.6975377871729631
1989-10-31,2.057148586031613,0.7571372385774646
1989-11-30,2.187069323859059,0.702489241205646
1989-12-31,2.2936596930585886,0.661945338417689
1990-01-31,2.048288576724434,0.7385471826897787
1990-02-28,1.63715686548765,0.722979651900427
1990-03-31,0.9445607017165591,0.7045808365127073
1990-04-30,0.8721380528081805,0.6647911900478075
1990-05-31,1.1770345408575338,0.6750092315439664
1990-06-30,1.0395763632276498,0.6822450977759827
1990-07-31,0.9108043506019539,0.7020145212392043
1990-08-31,0.3126460128244558,0.6522745639846018
1990-09-30,-0.29779872090884757,0.6542063277073272
1990-10-31,0.14552048518635607,0.6513680890495507
1990-11-30,-0.0712783568505738,0.6220780997002049
1990-12-31,0.035051838652095456,0.6565851608724809
1991-01-31,-0.018431041514705638,0.6507129296809857
1991-02-28,0.20228044870675693,0.7142923779490112
1991-03-31,0.18629686723846273,0.6853904955083624
1991-04-30,0.15567463756875388,0.6165246766583277
1991-05-31,0.11435440322383618,0.6285852921639589
1991-06-30,-0.10409800873637408,0.6123594702808112
1991-07-31,-0.055157865438744284,0.6443240454819296
1991-08-31,-0.1978832017944611,0.6105557810387325
1991-09-30,-0.0952417534326928,0.6589986992322506
1991-10-31,-0.014979710644973096,0.6578795155989219
1991-11-30,-0.20619748831789494,0.662762187330316
1991-12-31,-0.20368309822228944,0.6602165036166157
1992-01-31,-0.28094008178514285,0.6614225406032621
1992-02-29,-0.3433143783848512,0.7098403290218211
1992-03-31,-0.3482726700385699,0.7229144718415227
1992-04-30,0.014402662511691762,0.7195650383453882
1992-05-31,-0.20788656168796732,0.675001278300067
1992-06-30,0.3432609071317507,0.6382639820858349
1992-07-31,0.3653388220568467,0.6779060358011192
1992-08-31,-0.3029290560884527,0.6895839429551026
1992-09-30,-0.24525671529435392,0.7139125370939585
1992-10-31,-0.13940828441547826,0.7235796148201862
1992-11-30,-0.329691502047253,0.7267915302167335
1992-12-31,-0.23226188372942455,0.7328041307188976
