,"S&P 500, peak Sep 1929","Nikkei 225, peak Dec 1989","Nasdaq Composite, peak Mar 2000","AI-leaders basket, today"
-60,,29.660391210486804,17.870990174574608,24.71145027126151
-59,,30.815986468406457,18.45640445850819,27.391717134706994
-58,,31.66296828404783,18.906891356118642,29.385607156275928
-57,,32.328094970089225,20.412960901673582,29.403792442225658
-56,,31.931162504693873,21.89475663866796,26.19995704667723
-55,,32.784721509128815,22.308067433077547,25.137050201450702
-54,,33.102406503291405,22.820441608369435,26.23825824587473
-53,,31.432598545158964,22.656866754285637,21.70462004692991
-52,,32.66829196755863,23.16289912373738,22.073916774665143
-51,,32.63478368752787,23.008290271013795,19.30744283168816
-50,,33.242143534184265,23.175801418377677,21.89640298650098
-49,,32.79708040070011,24.056219015358103,20.36706327618371
-48,,33.61913615137141,24.08574121495879,17.236628145905584
-47,,33.467835714923105,26.034643754524005,17.196687512466937
-46,,35.05210006802535,27.19169529591085,19.697179214504658
-45,,40.75393805728563,25.914368126521214,18.240087701495984
-44,,40.66592769278039,23.63066197518823,21.087612620982934
-43,,42.837970891334805,24.962659884579132,21.736177295220056
-42,,45.36501164420887,26.830649728942475,25.02290748761859
-41,,44.99375305082689,26.71234224757973,25.543443124537674
-40,,47.62498992468027,28.267178093215794,30.508586339354444
-39,,45.87552295049929,28.232626185534997,32.26923581615103
-38,,43.45432951670686,30.17496823630006,33.736016655141455
-37,,46.466953001481656,28.625599464664113,33.73230843610292
-36,,48.362402951960775,26.716497223819825,31.618738150590815
-35,,51.517154944515234,27.570672865599636,31.451722604010087
-34,,52.476430778212176,30.622612255430443,35.287705643616526
-33,,55.41867508065024,31.535613613451623,37.76937485417571
-32,,59.80806653936883,34.85390884856861,41.00137392983299
-31,,63.6562665276649,34.71198360752531,45.93707845629094
-30,,62.124782797185794,36.86316788509523,47.92529211664386
-29,,62.92576444198589,34.84953518936851,45.42865181277982
-28,,66.88587450713744,35.001301163612034,48.81317389201078
-27,,66.83874760689199,34.34087862439671,53.85482956326349
-26,,58.498084258882564,35.41264381138157,51.270699274937435
-25,,58.296984390305894,38.71803675185826,51.77513222072657
-24,,55.411839421637,40.143193602211326,55.54093431061177
-23,,60.7009933186201,40.858942930307926,54.920033589411396
-22,,64.86507904721954,38.9008557064225,56.34967170182876
-21,58.55437644813991,67.47956303576737,41.43473516400128,59.0294645382692
-20,58.2559674526385,70.49596570647239,40.94597874838995,60.168651940398554
-19,57.228117759300446,70.45120267949804,32.78604277876064,55.92001225842825
-18,63.925732043065096,71.35751972177965,37.04139449749936,50.2923733809854
-17,65.48408521193893,71.72300163122313,38.737280852338706,51.008197982878755
-16,66.31299768297613,70.32079316128953,42.63311778482909,59.62519099735801
-15,63.46153675889609,71.75393775615528,47.950393957352446,68.80554490510333
-14,64.42307826086736,71.90521058898788,54.79954426471135,76.3178855352418
-13,69.19761586478973,76.00729357790338,50.03531729804082,74.40385591860287
-12,70.0928365271937,77.49794403251485,53.826623775648784,79.42358139891863
-11,71.88329050020218,81.1527530892712,55.60801516785011,88.11671786542753
-10,80.50398146380914,82.1916578259814,54.0260626351734,84.01474813258987
-9,80.73607594384352,84.38377136256365,58.740867252882786,82.27513345526786
-8,85.34482725909827,86.6313681666873,57.69928031437862,82.54118620098323
-7,84.84748104129599,88.05340607036634,59.90491664898979,74.70166728722066
-6,84.64854381899515,84.66646250028734,60.05383974475325,72.11988823930966
-5,86.00795976556813,89.81906381986062,64.870769304785,91.21745504656535
-4,82.32758637045086,88.47598229473977,72.95613438505258,104.13353804877737
-3,90.88196281859078,91.57385076361136,88.98887559782455,92.56146785320732
-2,95.75596587161343,91.3494684999081,86.16874014559912,93.86767871949726
-1,105.13925479079053,95.76758277546425,102.70860714262284,96.43816871948093
0,100.0,100.0,100.0,100.0
1,80.07294343737364,95.56242266596122,84.42605563731868,
2,69.36339582935706,88.88915321442097,74.37210655108542,
3,71.12069254463202,77.03913178899636,86.73206745057219,
4,75.56366389531945,76.02245549117723,82.37765235095115,
5,77.18833157966033,85.13441906885878,91.98570688173407,
6,80.07294343737364,82.07510030401116,80.31831491658339,
7,82.55968085048525,79.75065001496115,73.68806625218957,
8,81.20026490391226,66.75520400928967,56.81230222859804,
9,67.83819359411646,53.92016010498608,54.0260626351734,
10,70.32493100722806,64.73990919715335,60.63488036948673,
11,70.85544080686412,57.70044516100084,47.056855382771715,
12,61.63793185225435,61.282737009914115,40.24335039789364,
13,56.16711080822887,59.855118157026034,46.278562728113656,
14,54.31034231975333,67.86233986515182,46.15282002611074,
15,50.86206972877072,67.56122456866339,47.247328240936135,
16,53.680373395117265,67.09666073540248,44.329878871508456,
17,59.781169687879085,66.27018338738121,39.481677648195976,
18,55.33819833719167,59.849517132460115,32.77620204556041,
19,50.03315725773352,61.98178101138243,36.961793900057515,
20,43.169763009401535,57.39526962358605,42.21849489265947,
21,49.1710875289628,61.45677529743397,42.651924519389524,
22,45.52387139157906,64.81232100937288,42.293940513861216,
23,45.95490625596442,58.29844989135719,37.86473584191846,
24,32.194960501566925,59.060144062768416,40.35466002453623,
25,34.582229303528095,56.591437278110845,36.918713356936514,
26,31.498673899413664,54.833182316461304,35.33326189689973,
27,26.923076679842296,49.712234815828175,31.99790939090235,
28,26.326260269864537,44.687965215027646,29.046782845633885,
29,27.486737413111605,47.14721650660083,28.75352899626708,
30,24.23740046340477,40.990295271360104,25.63095501035464,
31,19.330238571623536,40.88378295608225,29.07936660667464,
32,14.820954286494137,46.41067675734404,32.33839875963025,
33,14.688328417610192,44.7094709410715,29.205327991637564,
34,19.993369497068336,43.0862779615844,28.88605087003016,
35,27.818303666346537,45.440715814954594,29.249283266598585,
36,26.79045081095835,43.49112262700499,29.329102547000435,
