Date,share_pct
2013-06-30,4.710920770877944
2013-07-31,7.494646680942184
2013-08-31,11.134903640256958
2013-09-30,22.269807280513916
2013-10-31,15.53191489361702
2013-11-30,23.562810503903478
2013-12-31,25.141643059490086
2014-01-31,18.785310734463277
2014-02-28,17.688513037350244
2014-03-31,16.303583977512297
2014-04-30,15.255423372988103
2014-05-31,20.403899721448468
2014-06-30,19.554627696590117
2014-07-31,17.487855655794586
2014-08-31,16.470588235294116
2014-09-30,13.517241379310343
2014-10-31,16.071428571428573
2014-11-30,16.323731138545952
2014-12-31,16.301369863013697
2015-01-31,11.937244201909959
2015-02-28,13.129251700680273
2015-03-31,11.548913043478262
2015-04-30,9.81719702098849
2015-05-31,9.55585464333782
2015-06-30,9.109176155391827
2015-07-31,7.1524064171122985
2015-08-31,6.528980679546968
2015-09-30,4.527296937416778
2015-10-31,4.963600264725347
2015-11-30,4.746209624258404
2015-12-31,3.4845496383957926
2016-01-31,2.0327868852459017
2016-02-29,1.370757180156658
2016-03-31,1.6850291639662993
2016-04-30,2.4516129032258065
2016-05-31,2.631578947368421
2016-06-30,2.670057215511761
2016-07-31,4.671717171717172
2016-08-31,3.9722572509457756
2016-09-30,5.59748427672956
2016-10-31,3.571428571428571
2016-11-30,4.747033104309806
2016-12-31,4.978220286247667
2017-01-31,6.002475247524752
2017-02-28,5.1234567901234565
2017-03-31,5.240443896424168
2017-04-30,5.6000000000000005
2017-05-31,4.788213627992634
2017-06-30,5.728214503351615
2017-07-31,6.961259079903148
2017-08-31,7.678355501813784
2017-09-30,12.236286919831224
2017-10-31,10.557888422315537
2017-11-30,10.76555023923445
2017-12-31,12.544802867383511
2018-01-31,19.23536439665472
2018-02-28,17.959427207637233
2018-03-31,14.285714285714285
2018-04-30,12.937685459940655
2018-05-31,15.325443786982248
2018-06-30,16.125221500295332
2018-07-31,14.150943396226415
2018-08-31,15.058823529411763
2018-09-30,13.481828839390387
2018-10-31,9.504373177842565
2018-11-30,7.674418604651163
2018-12-31,5.68445475638051
2019-01-31,6.7669172932330826
2019-02-28,7.554786620530566
2019-03-31,7.241379310344828
2019-04-30,7.7275329135661135
2019-05-31,6.427758816837315
2019-06-30,7.583474816072439
2019-07-31,7.6228119706380575
2019-08-31,7.158962795941376
2019-09-30,5.617977528089887
2019-10-31,5.875769445998881
2019-11-30,6.121313299944352
2019-12-31,6.277777777777778
2020-01-31,5.152354570637119
2020-02-29,4.580573951434879
2020-03-31,2.8540065861690453
2020-04-30,3.8840262582056897
2020-05-31,4.352557127312296
2020-06-30,4.816017316017316
2020-07-31,6.192784060312332
2020-08-31,5.793991416309012
2020-09-30,6.042780748663102
2020-10-31,8.191489361702127
2020-11-30,10.615711252653929
2020-12-31,16.808059384941675
2021-01-31,14.096449390567036
2021-02-28,14.444444444444443
2021-03-31,15.50632911392405
2021-04-30,14.947368421052632
2021-05-31,20.460491889063317
2021-06-30,16.71875
2021-07-31,17.409326424870468
2021-08-31,21.31401965856182
2021-09-30,18.03194229778465
2021-10-31,20.45105074320861
2021-11-30,17.656090071647903
2021-12-31,17.31358529111338
2022-01-31,13.53001017293998
2022-02-28,18.11263318112633
2022-03-31,39.848101265822784
2022-04-30,24.078748107016658
2022-05-31,21.19071644803229
2022-06-30,14.141922496225465
2022-07-31,17.75887943971986
2022-08-31,14.605067064083457
2022-09-30,12.47534516765286
2022-10-31,15.317073170731707
2022-11-30,9.714838086031898
2022-12-31,7.24220623501199
2023-01-31,7.1360608943863
2023-02-28,4.8204158790170135
2023-03-31,3.615023474178404
2023-04-30,3.203342618384401
2023-05-31,2.816251154201293
2023-06-30,3.1948881789137378
2023-07-31,4.693140794223827
2023-08-31,4.187303016659163
2023-09-30,3.5346756152125276
2023-10-31,2.576632607729898
2023-11-30,3.571428571428571
2023-12-31,3.472527472527472
2024-01-31,4.688869412795793
2024-02-29,6.167979002624672
2024-03-31,6.980802792321117
2024-04-30,8.231707317073171
2024-05-31,9.00391474554154
2024-06-30,11.826086956521738
2024-07-31,11.164205039096437
2024-08-31,11.751951431049436
2024-09-30,16.796536796536795
2024-10-31,13.13742437337943
2024-11-30,15.803108808290157
2024-12-31,15.616911130284727
2025-01-31,12.801724137931034
2025-02-28,11.273666092943202
2025-03-31,9.836769759450172
2025-04-30,10.772532188841202
2025-05-31,12.435677530017152
2025-06-30,11.073108165882855
2025-07-31,10.285958173282117
2025-08-31,13.859275053304904
2025-09-30,17.83737760749255
2025-10-31,20.271993200169998
2025-11-30,16.673737802291047
2025-12-31,13.904196693514201
2026-01-31,15.531104528142192
2026-02-28,14.623837700760777
2026-03-31,12.531645569620252
2026-04-30,17.726315789473684
2026-05-31,16.974789915966387
2026-06-30,20.536462699077955
2026-07-31,15.301003344481606
2026-08-31,15.635451505016723
2026-09-30,14.065108514190317
