,cluster,ann,sharpe,t,n,neff,pos,pre_ann,mean_corr,p,bh,hlz
age,Low Leverage,-0.03992557196254579,-0.40951733435995846,-1.2522054628435273,156,1.9255530193406676,1,-0.02892168589388566,0.359108432715717,0.2104950059448112,False,False
aliq_at,Investment,-0.016784527890460154,-0.29520025023812907,-0.8311514240498299,156,2.2829501958589558,0,0.010510462392871104,0.25070627285337516,0.40588809232567424,False,False
aliq_mat,Low Leverage,-0.03369475139476634,-0.38943277505817475,-1.1524407612057,156,1.5475155428679908,0,-0.042195777635186914,0.5282627517452588,0.24913999929152109,False,False
ami_126d,Size,-0.0026455844657068414,-0.05635341875924668,-0.17448604027871734,156,2.6575265493201083,2,0.020937014640656813,0.16838633290083774,0.8614835007294079,False,False
at_be,Low Leverage,-0.01397972167999341,-0.23000778158690602,-0.7106622623384298,156,1.6733208962849737,1,-0.0002975645146939362,0.4634853380246446,0.47729355024901654,False,False
at_gr1,Investment,0.016008878599825735,0.2534788766326613,0.763114190789752,156,1.678957212654002,4,0.021051697755937664,0.4608103906902672,0.4453952976300126,False,False
at_me,Value,0.0190601032402323,0.17848864232144204,0.5244736524710814,156,1.3187010695290378,3,0.022384522116547574,0.6777626338592325,0.5999491406645674,False,False
at_turnover,Quality,0.012645753067228808,0.22665816598874916,0.6925969405280594,156,1.728813000802583,3,0.025658376269461297,0.43790874589348144,0.4885625308667776,False,False
be_gr1a,Investment,0.009795629576160066,0.15101232141606627,0.44325809907231717,156,1.489848813055999,4,0.007268029768930165,0.5616120608898437,0.657579059455278,False,False
be_me,Value,0.015973270466049475,0.15899664935841187,0.4652233511676464,156,1.3407744007835871,3,0.03522847391414137,0.6611168385629194,0.6417715180751054,False,False
beta_60m,Low Risk,-0.014813753504397278,-0.14830617122808404,-0.5342817365266873,156,1.448624033860519,1,-0.004852720506316397,0.5870803158728441,0.5931466260511529,False,False
beta_dimson_21d,Low Risk,-0.0036469885914681283,-0.048909794594359034,-0.22712923070110888,156,1.8216361085103396,2,-0.008872651570130273,0.3986094114905379,0.8203232551384745,False,False
betabab_1260d,Low Risk,-0.009279507010626114,-0.08651384083756335,-0.31450544818389187,156,1.4844191405143279,1,-0.0019082730254933603,0.5648855705750023,0.7531371791967052,False,False
betadown_252d,Low Risk,-0.0419766580915168,-0.4689809087807649,-1.631405774420537,156,1.6602905094373137,0,-0.005286051470502544,0.4697389758526122,0.10280472727051038,False,False
bev_mev,Value,0.016088518913596944,0.15556821992840045,0.4526609832923214,156,1.3282264673753212,3,0.02504709648077729,0.6705115425846294,0.6507928787065722,False,False
bidaskhl_21d,Low Leverage,-0.025984467888967265,-0.35596673431001774,-1.0246396686114796,156,1.9468884226158654,0,-0.007011030247850088,0.3515201579324108,0.305533239778506,False,False
capex_abn,Debt Issuance,0.029064079795990665,0.6505383662322064,2.418553802364658,156,2.290419266948087,3,0.03157724579938668,0.2488017161635034,0.015582341002397415,False,False
capx_gr1,Investment,0.04150876813479193,0.8680541946652164,3.2575446707150735,156,1.9797336279716353,4,0.0322436670723079,0.3401579457431449,0.0011238056888898118,True,True
capx_gr2,Investment,0.03343112428897855,0.6979860425956327,2.170938388297467,156,2.1215051656483164,4,0.031254688515731766,0.29515127039181316,0.02993583000819,False,False
capx_gr3,Investment,0.039097735547173586,0.7721040252256127,2.3451874033746782,156,2.159984095915956,4,0.025462845917015507,0.2839551623803002,0.019017518145198364,False,False
cash_at,Low Leverage,0.03445310517100889,0.6273066482867787,1.7321765048542777,156,2.2228783947806185,4,0.01516903568045902,0.26648955237379207,0.08324214094653204,False,False
chcsho_12m,Value,0.017609931030461504,0.3594871402507059,1.0110532689581293,156,1.9922996522046033,3,0.03645568061945051,0.33591003668779645,0.311990934979979,False,False
coa_gr1a,Investment,0.011745268215243004,0.18504188130668417,0.6137075491805322,156,1.7847329389196231,3,0.034646069843355165,0.4137438927644032,0.5394085988973589,False,False
col_gr1a,Investment,-0.009842031385733939,-0.16962000835895003,-0.5299242908248606,156,1.8338905912978427,1,0.0006113558473262698,0.39371840010172093,0.5961644236973167,False,False
cop_at,Quality,0.01739458823638596,0.3287368098802474,1.180108474129352,156,2.227022458767348,3,0.06264957156068604,0.2653733964009193,0.23795707466403782,False,False
cop_atl1,Quality,0.013044206118722484,0.22897485882396684,0.7924972661531834,156,2.064855728433287,3,0.05268513215687175,0.31239378211264607,0.4280707852019998,False,False
corr_1260d,Seasonality,0.003263430184679975,0.0573130192258349,0.17541111404548235,156,2.142165347646711,1,0.007354573759351033,0.28908983059193266,0.8607566082337681,False,False
coskew_21d,Seasonality,0.007376375193438767,0.14434995954654264,0.5206021100487374,156,2.76789797589502,3,0.0017519973106494505,0.14837999025916304,0.6026439791221987,False,False
cowc_gr1a,Accruals,0.016019844048967325,0.36221011797565267,1.4290983668095267,156,2.539153013738855,3,0.04854649544319704,0.19177615243571253,0.15297596286674242,False,False
dbnetis_at,Seasonality,0.02891362701578149,0.7625307055170659,2.7788907773544627,156,2.8123245540700332,4,0.03516960954729298,0.1407703156938445,0.005454486196565522,True,False
debt_gr3,Debt Issuance,0.045075648983043955,0.9723205699032454,2.9823013644916117,156,2.065764095935287,3,0.03567645830941515,0.3121098399490732,0.0028609022977801324,True,False
debt_me,Value,0.0009496554413473668,0.009381310348390404,0.027736054042176193,156,1.3430079525786223,2,0.004359192850606207,0.6594629719851026,0.9778726677896039,False,False
dgp_dsale,Quality,-0.004247366992742979,-0.0812099403588371,-0.2921172797806435,156,2.145235376775049,3,0.021215232329068266,0.2881990857981025,0.770196955259308,False,False
div12m_me,Value,0.011115329726340082,0.1538756243655922,0.47262126298409274,156,1.7191375519693535,3,0.01523451675350578,0.44224936032950773,0.6364834098062122,False,False
dolvol_126d,Size,0.000906527565179811,0.01976906629362436,0.06696328434130633,156,2.4824168758368614,2,0.015011518475356398,0.20377763554204778,0.9466109324164389,False,False
dolvol_var_126d,Profitability,-0.0039721309935254,-0.08675427986154256,-0.24991287287286054,156,2.4699382087593182,3,0.0034847699085701553,0.20649123742104347,0.8026547279322322,False,False
dsale_dinv,Profit Growth,0.01230367297287457,0.2489834542989359,0.9429057715223111,156,2.1254578715075527,3,0.047134076913094944,0.2939824799825154,0.345729102537518,False,False
dsale_drec,Profit Growth,0.01612350851612551,0.3818332791604339,1.4921237823583684,156,2.2502899584492493,2,-0.014027888764508821,0.25918290144210804,0.13566669830006517,False,False
dsale_dsga,Profit Growth,0.009093883420212036,0.17059373682321324,0.5848324262272055,156,1.9962131406842172,3,0.0052416818950202166,0.33459801435648456,0.5586603986687577,False,False
earnings_variability,Low Risk,-0.015446725334204114,-0.40691278677564835,-1.4160421986733533,156,2.902388273675696,2,0.005956201803667705,0.12605845288166148,0.15676314972535144,False,False
ebit_bev,Profitability,0.022866471095976563,0.354295012405082,1.1811480645575292,156,1.7595273514764411,3,0.02656779203920681,0.4244459260879634,0.23754390876478348,False,False
ebit_sale,Profitability,-0.006644252083530427,-0.1009776714030095,-0.31940856753884134,156,1.9543132475912695,2,0.0051507845429596254,0.34891826321941677,0.7494167148700024,False,False
ebitda_mev,Value,0.031046747700905118,0.381881902743095,1.2000661783579551,156,1.553825630891362,4,0.059546306333482596,0.524763808859165,0.23011363963543818,False,False
emp_gr1,Investment,0.025177691977109673,0.44987407899969395,1.1890851170947592,156,1.9064752037472645,4,0.02267697689704097,0.3660375951280521,0.2344061742997674,False,False
eq_dur,Value,0.023545360576785176,0.24726685241124913,0.7324508673815933,156,1.431988917678783,3,0.03982593952270917,0.5977725690046765,0.4638934209546046,False,False
eqnetis_at,Value,0.02393324816653039,0.40908496254252985,0.9946471989718003,156,1.92898009098,3,0.05419615025731762,0.3578782243017411,0.31990788317683716,False,False
eqnpo_12m,Value,0.017065082794305256,0.2323530762606155,0.6605308931362709,156,1.752236410744366,3,0.030979149952503685,0.4275989958647121,0.5089132002563823,False,False
eqnpo_me,Value,0.03062878255438622,0.41845742158942784,1.2116803582607614,156,1.9264225040773109,4,0.056564254613194614,0.35879590130304967,0.22563476065698929,False,False
eqpo_me,Value,0.01878708710901088,0.23722765652827432,0.6693587809895943,156,2.0069117887611743,3,0.041492252390151974,0.3310373384620487,0.5032666386054041,False,False
f_score,Profitability,0.006436905532237754,0.10000944856212057,0.3781292626550197,156,2.057475657329715,3,0.04122031990198381,0.31470997574950343,0.7053345708904084,False,False
fcf_me,Value,0.05135863806994789,0.7371830149014553,2.227652710242016,156,1.7519190294699971,4,0.05437097039301611,0.4277368479390869,0.025903682792541405,False,False
fnl_gr1a,Debt Issuance,0.04288299740275653,1.2027260345404711,5.10495595017172,156,2.8491828357167863,4,0.03825603372906553,0.13463710247686925,3.308715796901396e-07,True,True
gp_at,Quality,0.017452750752481316,0.2509227230408316,0.7621640828082863,156,1.7396008509304164,3,0.030603283856164523,0.43312601429242065,0.44596207979884994,False,False
gp_atl1,Quality,0.012913459785387632,0.17489605349479123,0.5092117259199023,156,1.668366482755399,3,0.02139011321195298,0.46585158623617273,0.6106038247775456,False,False
inv_gr1,Investment,0.024480147256332283,0.4506169407534446,1.4256833333398673,156,2.039255422876728,4,0.05121788636454096,0.3205000797721384,0.15395976953734425,False,False
inv_gr1a,Investment,0.02339327564663268,0.4671171367842996,1.5155352028957634,156,2.229227487239891,3,0.03891155237677867,0.2647811888342515,0.1296369224089835,False,False
iskew_capm_21d,Short-Term Reversal,-0.011249249403503811,-0.3215780741889124,-1.6373943962757473,156,2.9359671226706325,1,0.012948879775978773,0.12080435882191755,0.10154808834588591,False,False
iskew_ff3_21d,Short-Term Reversal,-0.01128394796247257,-0.3259487083994011,-1.206174698562274,149,3.010954482933609,0,-0.0009921234042570605,0.10949412915100502,0.22775013744078265,False,False
iskew_hxz4_21d,Short-Term Reversal,-0.01338658244309663,-0.3712317076040114,-1.6362861871453627,153,2.8010357257099328,1,-0.012213974971589108,0.14268106416079188,0.1017797056036549,False,False
ival_me,Value,0.027189890561517317,0.34148960496978437,1.2873424112436775,156,1.6202479354625683,4,0.04775714544408695,0.48958598916694623,0.19797496726628272,False,False
ivol_capm_21d,Low Risk,0.036322050108245116,0.45130188163528023,1.3735872709694572,156,1.7358824655986351,4,0.024280949520351588,0.4347678254473224,0.16956985087659238,False,False
ivol_capm_252d,Low Risk,-0.0015389176717764887,-0.016827047458711827,-0.049413718722164296,156,1.6929266312892386,3,0.007185921712766783,0.4542574037312381,0.9605895955585306,False,False
ivol_ff3_21d,Low Risk,0.04676571769109641,0.6266655306929441,1.8789547272284712,149,1.8118724662777772,4,0.03549678987395996,0.40255363340912664,0.060250675188814995,False,False
ivol_hxz4_21d,Low Risk,0.03498602913445629,0.4797029303297776,1.3466113373464124,153,1.8240951174464775,4,0.03965089810707015,0.39762270102075575,0.17810544084412205,False,False
kz_index,Seasonality,-0.000890060209995139,-0.013186375511714168,-0.037496413296421754,156,1.832058061759172,1,-0.003151266690056991,0.3944456389406375,0.9700891999123034,False,False
lnoa_gr1a,Investment,0.030995973202456017,0.5915883156694213,2.0920778202220984,156,1.9144324557308645,4,0.04293729553484036,0.3631306914704629,0.03643155488322947,False,False
lti_gr1a,Seasonality,-0.008127941851024719,-0.20133150873759792,-0.48788460255243365,156,2.3799390219848657,2,0.006099923888441426,0.2269051101799527,0.6256315813623936,False,False
market_equity,Size,0.006768094853494419,0.12363421681147381,0.4170198275271712,156,2.1702468172770946,2,0.02898278965016482,0.28103611198450534,0.6766639050668397,False,False
mispricing_mgmt,Investment,0.03871882016975732,0.6636180070728822,1.893225943087502,156,1.7434896018610881,4,0.04970674705667078,0.4314164718333086,0.05832782875757592,False,False
mispricing_perf,Quality,0.057199849509905976,0.6605518907691277,2.2857406553056956,156,1.4852197307897381,4,0.06503365474286654,0.5644013962102595,0.022269435316369712,False,False
ncoa_gr1a,Investment,0.03177906205323616,0.6400867161113484,2.2482780415394057,156,2.248309649795609,4,0.04585438981682421,0.2597047890865677,0.024558466006897595,False,False
ncol_gr1a,Debt Issuance,0.013526410100874613,0.3244858914117321,1.3620502744840866,156,2.8169971339722553,2,0.01052988230057887,0.13998391546812225,0.17318201956687052,False,False
netdebt_me,Low Leverage,0.029481695976324773,0.395453911850201,1.1318183353414402,156,1.549353810135874,4,0.00703331050509285,0.5272404908059081,0.2577108175500742,False,False
netis_at,Value,0.05594704185861904,1.055341578204147,2.9288210991652393,156,2.2183366859852724,4,0.07651503986842725,0.26771759899668596,0.0034025019458256978,True,False
nfna_gr1a,Debt Issuance,0.04501115123372183,1.340243793317155,5.337534767977142,156,2.874291009813081,4,0.033191567880609896,0.13054917848652645,9.421883984117585e-08,True,True
ni_ar1,Debt Issuance,0.0005141532066114494,0.014650692185230392,0.0490531331620369,156,2.8778896805196155,2,0.001487833729556311,0.12996911441462697,0.9608769527302532,False,False
ni_be,Profitability,0.021733528741737704,0.33664307397846044,1.0581253611238173,156,1.8789697991618237,4,0.022255689354404487,0.3762753756135111,0.28999829357471407,False,False
ni_inc8q,Quality,0.020130644801342686,0.4460614025460953,1.4054649704113673,156,2.007159511016004,4,0.011271088262859571,0.330955342287875,0.15988305873637132,False,False
ni_ivol,Low Leverage,-0.004188004399750316,-0.0793743712039439,-0.2293426873024205,156,1.9662039780928637,2,-0.011411458793514507,0.344792307845875,0.8186025778357111,False,False
ni_me,Value,0.029772483834751194,0.4004031882137251,1.181065320033416,156,1.8896067819980986,4,0.050837490270109614,0.372280843137523,0.23757677546443,False,False
niq_at,Quality,0.0206987077814237,0.2661973504768805,0.8592621662122493,156,1.6575360080133206,3,0.035246573211008186,0.4710735253336056,0.39019589244427966,False,False
niq_at_chg1,Profit Growth,0.043123413143258925,0.915570565076078,3.002951672453313,156,1.9863303356292583,4,0.04405609622813256,0.3379212457349265,0.002673748865808623,True,True
niq_be,Profitability,0.0325412338142165,0.4860009094208939,1.5245731640507199,156,1.707314937171584,3,0.042498253697597486,0.4476200246582476,0.12736559514017798,False,False
niq_be_chg1,Profit Growth,0.044373174223632066,0.9255601349696938,3.1512084203224044,156,2.0193576515460423,4,0.04147503526887841,0.32694263725192607,0.0016259641869498243,True,True
niq_su,Profit Growth,0.03272929157485161,0.7710221837556445,2.863349108967402,156,2.1988379486798904,4,0.029256846671941034,0.27304756623856213,0.004191884183187389,True,False
nncoa_gr1a,Investment,0.0222266423712908,0.4546969474897168,1.6906823470916577,156,2.307674644165318,4,0.04479347723598473,0.24444886690208936,0.0908974876194717,False,False
noa_at,Debt Issuance,0.050126416952595176,1.068642806199993,4.950553675978935,156,2.84156552284368,4,0.04148013674354557,0.13589157899563095,7.400264283585756e-07,True,True
noa_gr1a,Investment,0.03571230147574106,0.6838516588650658,2.1784822230978373,156,2.1755022606660974,4,0.05924420545481204,0.27955195639516,0.029370154300408347,False,False
o_score,Profitability,0.028996894145789768,0.5525569359070535,1.8916729438327238,156,2.3561727475553282,4,0.020578362642691188,0.2325561307209247,0.05853457037777954,False,False
oaccruals_at,Accruals,0.007648652236018876,0.15660664125014548,0.539826995367621,156,2.485104002349014,3,0.052654345452016735,0.20319686100582368,0.5893163482272574,False,False
oaccruals_ni,Accruals,0.0060192636979010325,0.10287137319761751,0.2878312154252946,156,1.8752731839327632,3,0.04936133984271371,0.37767418533501845,0.7734759415808976,False,False
ocf_at,Profitability,0.009765002087907612,0.14593152688043218,0.5089490398154041,156,1.671787747619013,3,0.05029966548763337,0.4642160776085091,0.6107879446502293,False,False
ocf_at_chg1,Profit Growth,0.009111371385548305,0.22094561636748675,0.8180950066065406,156,2.1200962520997195,3,0.03330891081081494,0.29556893089774344,0.4133029399209378,False,False
ocf_me,Value,0.03122373180918718,0.3539782439055353,1.0048686255329677,156,1.4510685236497671,4,0.059181340048786724,0.5855297745092218,0.3149601137016247,False,False
ocfq_saleq_std,Low Risk,-0.0008692876273002402,-0.01953975694906583,-0.06868106866809617,156,2.9248936002727564,3,0.03332823740115201,0.12252370475140088,0.9452434876292974,False,False
op_at,Quality,0.009075918023037428,0.12888166232081763,0.4374379163872454,156,1.5897443000061235,3,0.032394625322156693,0.5053759693691183,0.6617937913250336,False,False
op_atl1,Quality,-0.0018591156297723581,-0.025006260033918405,-0.08435783064784774,156,1.523555060995773,2,0.022006345640374746,0.5418128083898849,0.9327719339982006,False,False
ope_be,Profitability,0.015366783777143801,0.2936418069783055,1.0919673552614968,156,2.1583620405197097,3,0.0272786323788151,0.28441906793308314,0.27484745014966605,False,False
ope_bel1,Profitability,0.007811381051207597,0.13629494375091986,0.477319750024402,156,1.9307942516463188,3,0.018560634933326284,0.3572287667953821,0.6331344493215663,False,False
opex_at,Quality,0.02655274712880862,0.48103717423907616,1.5259601480363487,156,2.0414270512751607,4,0.020904152507444172,0.3198045451426463,0.1270197896527705,False,False
pi_nix,Seasonality,-0.016415223177163735,-0.4060143243011984,-1.417287513165436,156,2.653010116739319,0,0.018395431168272726,0.16924045065662985,0.15639888442965244,False,False
ppeinv_gr1a,Investment,0.019015295458149967,0.373483614660751,1.0167980596682655,156,2.218660681577373,4,0.037782609639382216,0.267629826290242,0.3092495053687254,False,False
prc,Size,0.007863275295405583,0.10994295351869375,0.36167971504683866,156,1.7098475429092939,3,0.02148661002498177,0.44646328588142764,0.7175913873260917,False,False
prc_highprc_252d,Momentum,0.07632461813951354,0.7471273178018132,3.0382812269483,156,1.482868272052495,4,0.010052430823773327,0.5658249792845604,0.002379317959940508,True,True
qmj,Quality,0.018093002319680522,0.2553816845664058,0.7786577755649056,156,1.5653254918702997,3,0.03992109546679792,0.518459690071802,0.4361813354469777,False,False
qmj_growth,Quality,0.015879123077119278,0.34320658688043426,0.9765150394122254,156,2.010911813034628,3,0.02891821660078226,0.32971579924957467,0.328809298745274,False,False
qmj_prof,Quality,0.008994037759075382,0.12295243322239313,0.3945425975340246,156,1.5461146652911029,3,0.04283837767281301,0.5290434122376642,0.6931804840432705,False,False
qmj_safety,Quality,0.014512004026796763,0.19231471030726843,0.6732340228127845,156,1.4450400577366977,2,-0.003915994253963708,0.5893631180174163,0.500798419351377,False,False
rd5_at,Low Leverage,0.043140749579735474,0.5161217182759215,2.098614903361295,156,2.355314499868671,3,0.020016563230482006,0.23276233389398523,0.03585086152306127,False,False
rd_me,Size,0.06800816022710438,0.9957946520234808,3.854409694910955,156,2.485919646631481,4,0.03879030004984095,0.20302082241745803,0.00011600919250920327,True,True
rd_sale,Low Leverage,0.039687062932148354,0.4504108834109336,1.8078273356231396,156,2.2295831818479734,4,0.020440051108405966,0.26468576915568437,0.07063337789080637,False,False
resff3_12_1,Momentum,0.05343216237887101,1.063369850519655,4.246440801511554,156,2.2391750660203797,4,0.07903899094338199,0.26212405343679873,2.1719313127777085e-05,True,True
resff3_6_1,Momentum,0.02130284930220727,0.40294185686706924,1.6513138330070782,155,2.059050746895723,4,0.03988653481471077,0.3142142491356759,0.09867450913420317,False,False
ret_12_1,Momentum,0.07326062521675594,0.8289688659842012,3.133898992262888,156,1.5936130642649096,4,0.08144003210869162,0.5033398612029851,0.001725002240433815,True,True
ret_12_7,Profit Growth,0.04064228293013885,0.4809935617076275,1.5822593118157378,156,1.510663795315937,4,0.07482481028669788,0.549280877365006,0.11359038521223463,False,False
ret_1_0,Short-Term Reversal,-0.01094586238992815,-0.1582447817566158,-0.5710062987154699,156,1.7580698954354594,1,0.05887212461679431,0.4250741320325859,0.5679953731924674,False,False
ret_3_1,Momentum,0.0225256698487324,0.32660190021823265,1.2846813441175426,156,1.7938231553086332,4,0.015394375554033486,0.4099580716122835,0.19890366011837024,False,False
ret_60_12,Investment,0.0130362029214342,0.16610236400778527,0.5248081508104003,156,1.5661744444101995,2,0.03144508896051639,0.5179979714853,0.5997165647883689,False,False
ret_6_1,Momentum,0.05747351490456752,0.7407693670422515,3.735822606441698,156,1.7583050297725968,4,0.04043620142190433,0.42497271183891683,0.0001871025374804436,True,True
ret_9_1,Momentum,0.07415615456196778,0.8374275688705433,3.8391384038073073,156,1.6061369817654914,4,0.06111195762606196,0.4968158684288428,0.00012346682027253308,True,True
rmax1_21d,Low Risk,0.017898088395671218,0.24119027009905075,0.7831081593573431,156,1.7998863064244808,3,0.03312560062966393,0.4074541978424738,0.43356360013603235,False,False
rmax5_21d,Low Risk,0.02087941451661645,0.24880978852928026,0.7564652885482175,156,1.7069421744238067,4,0.03628532440556815,0.447790569580022,0.449370276407258,False,False
rmax5_rvol_21d,Short-Term Reversal,0.02739722970765474,0.5353333648472863,1.989428193586287,156,2.1779064574439007,4,0.04715379939496131,0.2788753906805528,0.04665396028725044,False,False
rskew_21d,Short-Term Reversal,-0.0014218411244548883,-0.03377859418439462,-0.12882841864011788,156,2.4773865600704874,2,0.021382069884607436,0.20486823553906616,0.8974934180805969,False,False
rvol_21d,Low Risk,0.028294463272335126,0.29779065267726007,1.0182067392212388,156,1.5788098908702577,4,0.0180533473834422,0.5111846425442976,0.3085797174378646,False,False
sale_bev,Quality,0.03547727950476224,0.6985653155059605,2.0850597016802137,156,1.878321601487525,4,0.03256058714066693,0.37652025738159445,0.03706388162672147,False,False
sale_emp_gr1,Profit Growth,0.00022501072340910195,0.00449411942365703,0.014419670371162895,156,2.0377694001217264,3,0.009952435601479563,0.32097688118538825,0.9884951663344184,False,False
sale_gr1,Investment,-0.0026458034151303107,-0.039609255901835755,-0.12060311748683314,156,1.7273451107413196,2,0.01118120155637528,0.43856414392360626,0.9040053994724702,False,False
sale_gr3,Investment,0.00994166928491214,0.16132379375585065,0.521251937265001,156,1.7404296478342016,2,0.013967803306970663,0.4327610244550088,0.6021912777620482,False,False
sale_me,Value,0.034781664201740226,0.3535657679619692,1.1048593454700935,156,1.3612373414976486,4,0.04284858563327684,0.6461676638009245,0.2692205407587467,False,False
saleq_gr1,Investment,-0.030435853152306493,-0.4292029391456384,-1.3631785163849643,156,1.7743380839516187,0,-0.0009786630813861047,0.41812060061135997,0.17282625628978332,False,False
saleq_su,Profit Growth,0.05570372994398469,1.009163056591565,3.8194137116145965,156,2.0276061615666006,4,0.0018186168851040082,0.3242565668192448,0.00013376924323882378,True,True
seas_11_15an,Seasonality,0.0016701985941739782,0.03243723390277827,0.14163793226836358,156,2.0408673181865735,2,0.028583178306601148,0.31998367627906804,0.8873660033469266,False,False
seas_11_15na,Seasonality,-0.0155915401020663,-0.30064507266704577,-0.9262925065731822,156,2.102180182147745,2,0.01784168405990663,0.30092882205008387,0.3542939890923549,False,False
seas_16_20an,Seasonality,0.0037631638137104557,0.08344099505019498,0.28568289878562536,156,2.916084734261613,3,0.022848133410032407,0.123900751008509,0.7751210038600043,False,False
seas_16_20na,Accruals,0.011259116948532894,0.24147387466591405,0.717282175988481,156,2.6464913859995165,3,0.0034634588055224187,0.170478370111817,0.4732000029133623,False,False
seas_1_1an,Profit Growth,-0.006485372687189255,-0.11230698893532456,-0.4144911764509553,156,1.982420920076225,2,0.05359637781884043,0.33924498736057157,0.6785144276884567,False,False
seas_1_1na,Momentum,0.08733458987253684,1.018162775683359,4.162415507211573,156,1.647989661775339,4,0.03944898413625725,0.47573323077178725,3.1489867643674785e-05,True,True
seas_2_5an,Seasonality,-0.006516214559705545,-0.11866456923671242,-0.4689731136257845,156,2.0169052280100863,2,0.042818756429395165,0.3277454892193868,0.6390888541481043,False,False
seas_2_5na,Investment,0.017977691879224305,0.22557375123443646,0.6757449870963744,156,1.5509258290275214,3,0.043446928204811754,0.5263682129162218,0.49920256806757224,False,False
seas_6_10an,Seasonality,-0.00023464791832989953,-0.004714656976045287,-0.016229812071532203,156,2.1347311140807554,3,0.045303003173693346,0.29125742872499977,0.9870510519993805,False,False
seas_6_10na,Low Risk,0.04596294063525779,0.7351553880496596,2.177092284306222,156,1.8414070043742985,4,0.03253660299340803,0.3907506579656972,0.02947368262862038,False,False
sti_gr1a,Seasonality,-0.022647914722651614,-0.6357647260084688,-2.3575694693030522,156,2.92785222687309,0,-0.00098229328747012,0.12206305624378577,0.018395013113161607,False,False
taccruals_at,Accruals,-0.03845585869839778,-0.8882512296382936,-3.0357297680499724,156,2.396776189726415,1,0.01967445079496001,0.22296947835536648,0.002399543178586372,True,False
taccruals_ni,Accruals,-0.02867534767514369,-0.5420889337828695,-1.5737263491402143,156,1.9018435752406548,0,0.019257080144144293,0.3677407984677621,0.11555072752386697,False,False
tangibility,Low Leverage,0.014693033717735145,0.2985202418237875,1.0498205613472074,156,2.265867244070108,4,0.014853507613793329,0.255109496590942,0.29380062000697604,False,False
tax_gr1a,Profit Growth,0.024169461811720933,0.5111226230236562,1.7700363004431885,156,2.0050144899795783,4,0.01493593042575023,0.33166601704388693,0.0767210937608731,False,False
turnover_126d,Low Risk,-0.014308297396468,-0.19246274392091312,-0.6902935137075957,156,1.687865462764513,1,0.0021024908345717,0.456619043054237,0.4900096260381104,False,False
turnover_var_126d,Profitability,0.0005489461574429763,0.012262298808724445,0.03567426324652969,156,2.4265377735930134,3,0.003160635051924267,0.21614640188589027,0.9715420924394145,False,False
z_score,Low Leverage,-0.004711987318384729,-0.05532084662919223,-0.14900088105225465,156,1.5231221507180948,1,0.004883357873691175,0.542061547310164,0.8815529377469917,False,False
zero_trades_126d,Low Risk,-0.014930808149485173,-0.20032533156099824,-0.7160212449843986,156,1.6997560681510218,1,0.0055816595295089325,0.4510929489529952,0.47397823080201107,False,False
zero_trades_21d,Low Risk,-0.014743147658167123,-0.20781134450774716,-0.8497882668255005,156,1.7868316213014452,1,-0.017371063628753493,0.41286643022479935,0.39544281408292203,False,False
zero_trades_252d,Low Risk,-0.012818559814792657,-0.17144895552194805,-0.5816618624818266,156,1.7226672646432868,1,0.012689962518945958,0.4406602060455131,0.5607944648497014,False,False
